1;Dodge;Ram;2015;4BKJH200OYV256386;31000;337;Hybrydowy;1,4;1;1;13
2;Ferrari;488 Spider;2001;8DBPR999WRH491218;11000;377;Hybrydowy;1,2;2;2;22
3;Alfa Romeo;4C;2002;7PTGY681DEM201490;20000;207;Diesel;1,6;3;3;47
4;Alfa Romeo;Giulia;2004;0YGOT592MCC793204;11000;156;Elektryczny;1,2;4;4;41
5;SEAT;Toledo;2005;2OPQH326DHH832016;25000;130;Diesel;1,2;5;5;39
6;Volkswagen;Golf;2012;6BEWY134WLN661320;17000;339;Benzyna;1,4;6;6;40
7;Volkswagen;Golf;2015;3UTPK599ACJ734274;34000;351;Elektryczny;1,0;7;7;30
8;Citroën;C3;2002;0DQXK801LFV144397;48000;266;Elektryczny;1,0;8;8;41
9;Porsche;Macan;2011;6KVJC611OMB875314;34000;348;Diesel;1,2;9;9;17
10;Kia;Rio;2015;2JSFB678JGD678749;19000;199;Diesel;1,6;10;10;16
11;Porsche;Cayenne;2003;5LIGZ048EAE213226;36000;300;Hybrydowy;1,4;11;11;45
12;Ferrari;488 Spider;2007;0KFGY721PQY604832;38000;180;Elektryczny;1,2;12;12;42
13;Volkswagen;Polo;2002;5WDID446NAM652662;34000;272;Hybrydowy;1,2;13;13;38
14;Porsche;Macan;2015;3FZIQ218LQD045724;11000;245;Diesel;1,4;14;14;22
15;Renault;Captur;2007;2IWOG286RJD575948;32000;336;Elektryczny;1,2;15;15;22
16;Citroën;Berlingo;2013;0XIMO371WLV794472;13000;130;Hybrydowy;2,0;16;16;38
17;Fiat;126p;2014;3FJNB707NKW461612;48000;88;Benzyna;1,9;17;17;15
18;Mercedes-Benz;CLA;2006;6THGK408VFK298703;31000;370;Benzyna;1,4;18;18;23
19;Volkswagen;Polo;2007;6HVHV850GSM663141;23000;183;Diesel;1,6;19;19;31
20;Aston Martin;DB9;2013;0VDSO238TUX050437;44000;438;Benzyna;1,4;20;20;50
21;Mercedes-Benz;CLA;2003;3TJIP031PDI308511;46000;272;Benzyna;1,6;21;21;47
22;Kia;Rio;2003;1DTGJ227VRQ482497;32000;195;Elektryczny;2,0;22;22;31
23;Renault;Clio;2003;7CKKQ095HOK946499;49000;221;Benzyna;1,9;23;23;25
24;Citroën;C-Elysee;2005;6JVJN787LWI841414;44000;305;Diesel;1,6;24;24;43
25;Aston Martin;DBS;2000;2WWIS210MUZ805854;34000;261;Benzyna;1,6;25;25;5
26;Alfa Romeo;Giulia;2013;7RLVO006MSO473306;21000;362;Diesel;1,4;26;26;16
27;Aston Martin;DBS;2005;0QTCQ632XMW106345;37000;356;Benzyna;1,9;27;27;50
28;Kia;Rio;2001;8TIEB693UWF434214;29000;235;Hybrydowy;1,2;28;28;14
29;Opel;Corsa;2000;4XLKL877OYU706541;13000;229;Elektryczny;1,4;29;29;40
30;Alfa Romeo;Stelvio;2005;0OIWF821MAT246087;48000;389;Hybrydowy;1,0;30;30;13
31;SEAT;Leon SC;2002;0VZXY883UCV132118;21000;303;Hybrydowy;1,0;31;31;28
32;Alfa Romeo;4C;2005;4GQBA155IZR310387;47000;140;Hybrydowy;1,9;32;32;17
33;Mercedes-Benz;Klasa B;2011;2HQTA979WGS154930;23000;197;Hybrydowy;2,0;33;33;17
34;Kia;Cee'd;2012;0CHMU387DJT180502;15000;252;Elektryczny;1,6;34;34;50
35;Honda;S2000;2014;5OBRZ555HAE159314;47000;433;Hybrydowy;1,4;35;35;28
36;SEAT;Ibiza;2006;1FNHK182EOP686559;42000;259;Diesel;1,0;36;36;36
37;Mercedes-Benz;Klasa A;2005;2KWVW005DIL325774;48000;403;Elektryczny;1,0;37;37;26
38;Chevrolet;Spark;2002;6QDAU437MNX528470;27000;135;Elektryczny;1,2;38;38;48
39;Porsche;Cayenne;2015;2UXNC033MYP675935;12000;359;Hybrydowy;1,4;39;39;48
40;Peugeot;301;2011;8ZUKH850FVW262953;21000;321;Benzyna;1,9;40;40;34
41;BMW;Z4 Coupé;2014;8VNIN318SVU090294;47000;400;Diesel;1,0;41;41;19
42;Kia;Stonic;2002;3MNGY861CIO461607;12000;277;Hybrydowy;2,0;42;42;11
43;Dodge;Ram;2006;2NFTA121ZOU354239;36000;431;Benzyna;2,0;43;43;44
44;Fiat;126p;2006;5WAGZ384VEG998177;18000;182;Diesel;1,2;44;44;17
45;Kia;Stonic;2002;3YUHS480PNH178997;37000;162;Diesel;1,2;45;45;9
46;Mercedes-Benz;Klasa A;2016;1BBBD707IPX862396;42000;280;Diesel;1,2;46;46;33
47;Kia;Stonic;2016;5UUBL392FPI348161;47000;283;Elektryczny;1,2;47;47;5
48;Alfa Romeo;Stelvio;2001;5IVXY817FXK214397;47000;116;Elektryczny;1,6;48;48;21
49;SEAT;Ibiza;2015;2JWZF543LDN870955;34000;318;Hybrydowy;1,0;49;49;42
50;Peugeot;301;2008;9UGSI731DFB183384;28000;399;Elektryczny;1,0;50;50;23
51;Porsche;Carrera;2006;7OEKK523CUQ011724;36000;164;Benzyna;1,4;51;51;27
52;Alfa Romeo;Giulia;2011;0TPTU446DLX299756;13000;244;Elektryczny;1,2;52;52;7
53;Renault;Megane;2013;1QTBD255PKW525420;30000;294;Benzyna;1,4;53;53;50
54;Dodge;Challenger;2003;1CNSU057CCB089628;28000;416;Benzyna;1,4;54;54;15
55;Alfa Romeo;Giulia;2000;0AXZX152JYD074725;28000;133;Diesel;1,9;55;55;36
56;Aston Martin;DB9;2008;7PSMG512AFF316282;12000;210;Elektryczny;2,0;56;56;19
57;Fiat;126p;2008;8IMIP920BER085357;49000;253;Elektryczny;1,6;57;57;34
58;Fiat;Panda;2003;7MDYU536NEV450930;40000;205;Benzyna;1,4;58;58;41
59;Peugeot;508;2004;3FKGF353GWC202030;23000;96;Diesel;1,0;59;59;37
60;Chevrolet;Sonic;2009;0KMZG178ARS083000;11000;116;Hybrydowy;1,6;60;60;8
61;Peugeot;508;2010;3CWXZ204LHD409840;27000;86;Benzyna;1,4;61;61;2
62;Aston Martin;DB7;2001;6LKJW258HLF712008;17000;378;Benzyna;1,9;62;62;40
63;Volkswagen;Polo;2007;1HYBU459TLS747010;45000;291;Diesel;1,9;63;63;27
64;Mercedes-Benz;Klasa B;2016;0SANV869VHS294882;20000;235;Diesel;2,0;64;64;22
65;BMW;Z4 Coupé;2000;8PSGR467AQM972609;19000;220;Hybrydowy;1,6;65;65;28
66;Honda;Skydeck;2013;0MJMQ141BWZ278327;31000;423;Elektryczny;1,9;66;66;2
67;Hyundai;Kona;2000;6KVLD602MNC025593;22000;323;Elektryczny;1,4;67;67;18
68;Alfa Romeo;4C;2009;5ZMQH615WPL089606;13000;121;Elektryczny;1,6;68;68;3
69;Honda;Civic;2016;3MSBL558UAS381580;42000;245;Hybrydowy;1,2;69;69;25
70;Hyundai;Kona;2010;2FCVX598ZNS873529;33000;121;Hybrydowy;1,9;70;70;39
71;Audi;A6;2007;6VDTA498SBF898873;18000;247;Hybrydowy;2,0;71;71;30
72;Renault;Clio;2008;8XUBY145GDY001889;47000;229;Benzyna;1,6;72;72;4
73;Opel;Astra;2009;5NKHZ716IMT243156;48000;239;Hybrydowy;1,4;73;73;38
74;BMW;X3;2003;7GNJQ304AKB659753;33000;158;Benzyna;1,9;74;74;28
75;Chevrolet;Sonic;2009;7TXOH064KZZ323462;32000;215;Hybrydowy;1,2;75;75;48
76;Mercedes-Benz;Klasa A;2015;0AWWJ566QMG709260;42000;377;Benzyna;1,2;76;76;43
77;Audi;Q7;2014;8LIGH974XYN075126;37000;421;Benzyna;1,6;77;77;41
78;Opel;Astra;2000;1FMJZ748SRK995512;13000;211;Diesel;1,2;78;78;25
79;Peugeot;508;2016;0LDWZ003DGG692507;25000;100;Benzyna;1,9;79;79;50
80;Fiat;Punto;2012;8AMKG473MGH360338;29000;108;Benzyna;1,0;80;80;28
81;Fiat;Panda;2000;1BXMM687KJT124906;24000;123;Benzyna;1,6;81;81;16
82;Ferrari;LaFerrari;2008;2TTFE909FLE372099;38000;136;Diesel;2,0;82;82;25
83;Alfa Romeo;Giulia;2013;3FRUH739EXR413453;21000;397;Elektryczny;1,4;83;83;8
84;BMW;E87;2012;5OJJL078SCX073569;34000;232;Elektryczny;1,9;84;84;46
85;Citroën;C3;2016;1DJUU723MUD149088;19000;391;Benzyna;1,6;85;85;25
86;Ferrari;California T;2012;8OZUR223MWP998351;28000;240;Diesel;2,0;86;86;10
87;Ferrari;488 Spider;2004;1JFUO699JZZ590021;28000;352;Elektryczny;2,0;87;87;6
88;Mercedes-Benz;Klasa B;2008;1KDPY032DSU335022;31000;274;Diesel;1,9;88;88;49
89;Alfa Romeo;Giulia;2001;1NZHR722HIG217513;12000;375;Hybrydowy;1,0;89;89;42
90;Ferrari;California T;2016;2KTBA685YCW767443;14000;111;Benzyna;1,9;90;90;48
91;Opel;Vectra;2003;6HMRG201INP150537;14000;359;Diesel;1,9;91;91;39
92;Volkswagen;Golf;2002;4GIIX741ATO175336;45000;332;Elektryczny;1,2;92;92;47
93;SEAT;Toledo;2005;1DWJS550TZO518845;36000;373;Diesel;1,4;93;93;34
94;Audi;A6;2008;4AMLA697VKD418476;14000;405;Hybrydowy;1,0;94;94;8
95;BMW;X3;2003;5JBLC191GRA657646;42000;373;Benzyna;1,9;95;95;48
96;Volkswagen;Polo;2009;6WIBS953KYV620105;28000;195;Benzyna;1,6;96;96;11
97;Peugeot;301;2008;6WARP830KYN758887;19000;244;Hybrydowy;1,4;97;97;14
98;Alfa Romeo;Stelvio;2003;1EQMO418YAH593867;18000;162;Benzyna;1,2;98;98;34
99;SEAT;Toledo;2012;2AJKW651ANP750418;49000;159;Benzyna;1,6;99;99;4
100;BMW;Z4 Coupé;2006;7CLMU920ZCZ041920;36000;389;Benzyna;1,4;100;100;44
101;Ferrari;488 Spider;2012;9QLFH706LIJ550737;49000;222;Benzyna;1,0;101;101;24
102;Aston Martin;DB9;2013;6TKCQ455UGI354771;43000;218;Diesel;1,2;102;102;49
103;Mercedes-Benz;Klasa B;2016;0TVDN702DHP523391;43000;301;Diesel;1,9;103;103;50
104;Kia;Cee'd;2012;4UZRT594ZAJ207379;36000;438;Benzyna;1,4;104;104;24
105;Dodge;Challenger;2008;0LWFU675TII351362;29000;149;Elektryczny;1,4;105;105;32
106;Fiat;Panda;2011;9NAMN844OJZ083569;49000;325;Diesel;1,0;106;106;23
107;Dodge;Charger;2013;4YTOF603UDD166278;24000;381;Benzyna;1,2;107;107;29
108;Renault;Clio;2001;9TBYL215LNH188576;14000;239;Elektryczny;2,0;108;108;41
109;Renault;Captur;2002;4HDDH967UDN291622;32000;240;Benzyna;1,0;109;109;35
110;Porsche;Macan;2004;5LPCO279YTA270977;12000;406;Diesel;1,2;110;110;48
111;BMW;X3;2001;9FIUE460VHH174369;16000;152;Benzyna;1,9;111;111;46
112;Honda;Skydeck;2012;2XSXU889ZLX982870;48000;107;Diesel;1,0;112;112;47
113;Volkswagen;Polo;2006;4DVVE055UZY240156;18000;435;Diesel;1,4;113;113;27
114;Mercedes-Benz;Klasa A;2006;7KDSH950NUB822210;28000;313;Elektryczny;1,0;114;114;35
115;Fiat;Punto;2013;7AQGX327UAA588412;26000;273;Hybrydowy;1,2;115;115;28
116;Dodge;Charger;2006;9FXKW752XSH222350;43000;122;Elektryczny;2,0;116;116;20
117;Peugeot;508;2005;9DOJY364NFN080760;27000;402;Diesel;1,0;117;117;10
118;Ferrari;California T;2016;5JNGJ465HVP058068;32000;315;Hybrydowy;1,0;118;118;34
119;Aston Martin;DB9;2002;3BRTZ466TPG241698;32000;230;Diesel;1,9;119;119;38
120;Kia;Rio;2016;3PMRZ006CFK736209;22000;252;Benzyna;1,4;120;120;20
121;Honda;S2000;2005;4JTCH534NBD028625;43000;427;Diesel;1,9;121;121;33
122;Volkswagen;Golf;2002;6HODQ293DJB324309;25000;245;Elektryczny;1,2;122;122;43
123;Alfa Romeo;Giulia;2012;3VLED216PJS797319;40000;417;Diesel;1,2;123;123;28
124;Peugeot;508;2015;3CFCN251FYD757387;35000;356;Benzyna;1,6;124;124;17
125;Alfa Romeo;Giulia;2012;2YUQB763WXM860709;42000;442;Elektryczny;1,0;125;125;38
126;Citroën;C3;2010;0EAWD986KVV371584;39000;391;Benzyna;1,9;126;126;36
127;Mercedes-Benz;CLA;2010;6AQWH847SRD719580;11000;103;Hybrydowy;1,6;127;127;48
128;Kia;Cee'd;2001;5SVLA376MWH345711;32000;222;Elektryczny;1,4;128;128;39
129;BMW;E87;2012;0ZYYE909JCE132957;31000;104;Hybrydowy;1,9;129;129;46
130;Aston Martin;DB7;2001;7BMJY837FTD176516;26000;118;Benzyna;2,0;130;130;34
131;Hyundai;I30;2000;9HCKM662HXC281476;17000;144;Diesel;1,0;131;131;23
132;Citroën;C3;2006;0MWRG857UZO402925;47000;254;Hybrydowy;2,0;132;132;48
133;Dodge;Ram;2012;5TKFV416NBV080890;43000;337;Hybrydowy;2,0;133;133;43
134;Hyundai;Kona;2010;3BMTK857GRC010600;25000;426;Benzyna;1,6;134;134;18
135;Ferrari;LaFerrari;2011;6KKPZ716BNC308964;33000;357;Diesel;1,6;135;135;43
136;Renault;Clio;2007;8NUDD958TJO800008;46000;338;Benzyna;1,4;136;136;46
137;Opel;Vectra;2002;7KHXH025JEW073316;46000;414;Benzyna;1,6;137;137;1
138;Chevrolet;Cruze;2001;1FMMZ213ADU580230;30000;415;Hybrydowy;1,4;138;138;48
139;Opel;Corsa;2010;7ADOD978NWO604972;29000;402;Hybrydowy;1,2;139;139;24
140;Audi;Q7;2016;5YAJQ260PCU871217;45000;132;Hybrydowy;2,0;140;140;14
141;Fiat;Punto;2003;6GNVB086SZQ676899;32000;184;Elektryczny;1,9;141;141;47
142;Renault;Captur;2004;7SVFG020LSE628775;47000;254;Diesel;1,2;142;142;10
143;Mercedes-Benz;Klasa A;2004;8YSSL199RNU914022;27000;360;Diesel;1,4;143;143;11
144;SEAT;Ibiza;2012;1WWEZ994EHQ917206;14000;233;Hybrydowy;1,4;144;144;47
145;Ferrari;488 Spider;2008;5NBZS509YXL989901;24000;361;Elektryczny;1,9;145;145;29
146;Fiat;Panda;2012;9SUZB523ICD443332;37000;119;Hybrydowy;1,0;146;146;5
147;Aston Martin;DBS;2007;2YMUQ325IXA283313;28000;439;Diesel;1,0;147;147;10
148;Honda;Skydeck;2004;7NNUN626ZBL782403;39000;315;Hybrydowy;1,0;148;148;1
149;Aston Martin;DBS;2007;8OSSZ917EMK006959;16000;326;Diesel;1,6;149;149;43
150;BMW;Z4 Coupé;2007;8KMBH702ZWL217964;48000;279;Elektryczny;1,0;150;150;9
151;Renault;Captur;2010;0XSRO490WQJ168912;24000;170;Hybrydowy;1,6;151;151;38
152;Alfa Romeo;Stelvio;2006;7CCNT543HQM548125;26000;227;Hybrydowy;1,6;152;152;22
153;SEAT;Leon SC;2006;1SDQV195CHR659267;22000;246;Benzyna;1,2;153;153;28
154;SEAT;Ibiza;2005;2ZZZA297LUU889821;32000;363;Elektryczny;2,0;154;154;28
155;Ferrari;California T;2006;8QPRF337JGV052860;38000;190;Diesel;1,6;155;155;9
156;Honda;S2000;2007;2VPDJ526XDV549545;37000;190;Benzyna;1,6;156;156;7
157;Alfa Romeo;Stelvio;2008;9IAQJ674DXF284936;11000;415;Benzyna;1,4;157;157;20
158;Chevrolet;Spark;2007;6THPN974KOT221817;20000;254;Hybrydowy;1,6;158;158;29
159;BMW;E87;2010;8BDHS445NIK044917;40000;413;Diesel;1,6;159;159;27
160;Peugeot;508;2009;1AZPE946JWO498812;33000;235;Hybrydowy;1,4;160;160;10
161;Fiat;Panda;2012;4VVXT612IZW142213;15000;167;Hybrydowy;2,0;161;161;31
162;Fiat;Punto;2007;2ZGAE328EXU653867;13000;128;Diesel;1,0;162;162;22
163;Aston Martin;DBS;2008;0CKJK253SOY248958;20000;279;Hybrydowy;1,2;163;163;47
164;Citroën;C-Elysee;2002;8YAED333UCQ180083;45000;281;Benzyna;1,9;164;164;1
165;SEAT;Leon SC;2008;2RBWL606ICM690061;18000;142;Benzyna;1,0;165;165;2
166;SEAT;Leon SC;2011;7ARRO722TPJ770409;20000;134;Elektryczny;1,9;166;166;15
167;Chevrolet;Spark;2016;9RGZU446YPD183875;19000;334;Benzyna;2,0;167;167;31
168;Honda;Civic;2010;6ZNJK263ZBW748168;35000;377;Benzyna;2,0;168;168;8
169;Aston Martin;DB7;2010;9IZHY692OZT330492;19000;141;Diesel;1,2;169;169;3
170;Dodge;Ram;2000;7EGEJ547UMT109459;22000;265;Benzyna;1,2;170;170;41
171;Audi;A4;2002;9VKML629YCS694936;45000;280;Benzyna;1,6;171;171;20
172;Dodge;Challenger;2011;2LDZG540MDA899749;41000;342;Benzyna;1,2;172;172;34
173;Peugeot;508;2009;5HXDZ472ZJH158022;35000;256;Hybrydowy;1,9;173;173;47
174;Opel;Vectra;2016;3WONL929PKF098389;38000;120;Benzyna;2,0;174;174;47
175;Chevrolet;Spark;2011;9NROD331AVE651078;17000;113;Diesel;1,6;175;175;2
176;Opel;Corsa;2012;0UIED635JSU095919;32000;204;Benzyna;1,6;176;176;36
177;Hyundai;Santa Fe;2007;8BYTL165HYQ278724;10000;267;Diesel;1,6;177;177;26
178;Fiat;Punto;2009;2NBZW736BGU994658;35000;121;Benzyna;1,2;178;178;41
179;Mercedes-Benz;CLA;2004;4VOEW493ENA528322;17000;167;Benzyna;1,2;179;179;23
180;Citroën;C3;2015;2JPIR400LCT505212;24000;165;Hybrydowy;1,2;180;180;24
181;Volkswagen;Golf;2007;1GERG321UNE127049;40000;449;Diesel;1,9;181;181;44
182;Renault;Captur;2011;9NGAT991XXN395512;44000;251;Benzyna;1,2;182;182;7
183;Kia;Rio;2005;6VQMR412CZR908465;27000;255;Benzyna;2,0;183;183;26
184;Porsche;Carrera;2006;5TIBP401DUJ500275;17000;319;Benzyna;1,4;184;184;24
185;Alfa Romeo;Stelvio;2013;5KNUR464MXG658633;45000;317;Elektryczny;2,0;185;185;16
186;Aston Martin;DBS;2016;4KKNN446HIK360583;18000;382;Hybrydowy;1,6;186;186;9
187;Mercedes-Benz;Klasa A;2004;4RIAV481BAI884284;48000;243;Diesel;2,0;187;187;33
188;Alfa Romeo;Giulia;2013;3JUJW514OGA600205;11000;399;Diesel;1,0;188;188;38
189;Opel;Corsa;2000;7FXGA129ZXD630900;33000;291;Diesel;1,0;189;189;18
190;Volkswagen;Polo;2009;6RTMP589GLF126548;45000;277;Benzyna;1,2;190;190;41
191;Kia;Rio;2015;4KXNT725ANG209239;16000;127;Elektryczny;2,0;191;191;42
192;BMW;Z4 Coupé;2010;7SCKM523LXZ708084;37000;153;Hybrydowy;1,4;192;192;29
193;Hyundai;Kona;2001;1HBLT797QKY628249;19000;352;Diesel;1,6;193;193;37
194;Alfa Romeo;Stelvio;2006;8WKIQ949HIS185094;37000;193;Diesel;1,6;194;194;36
195;Mercedes-Benz;Klasa B;2003;7HQDA673PJM789348;19000;402;Elektryczny;1,4;195;195;13
196;Audi;A6;2013;5KKTS219GHN934488;48000;391;Diesel;1,6;196;196;42
197;BMW;X3;2011;7ISCM017IIR139826;20000;288;Elektryczny;1,2;197;197;25
198;Volkswagen;Golf;2002;1NKRM900RYP282662;42000;440;Hybrydowy;1,6;198;198;27
199;Volkswagen;Golf;2009;3MQDH543CKB085517;17000;233;Benzyna;1,4;199;199;17
200;Dodge;Challenger;2015;0AQEY369AYR741944;12000;310;Diesel;1,2;200;200;29
201;Renault;Clio;2015;1BKFC437RPJ078904;28000;344;Hybrydowy;1,9;201;201;6
202;Mercedes-Benz;Klasa B;2008;2HRMB486HJI570490;19000;241;Diesel;2,0;202;202;40
203;Citroën;C3;2015;5GZFM672LRX176656;33000;215;Hybrydowy;1,4;203;203;21
204;Alfa Romeo;Giulia;2002;3ESTS013LNL990574;17000;257;Elektryczny;2,0;204;204;22
205;Peugeot;301;2014;8FRZM862ZDW465593;11000;374;Hybrydowy;1,4;205;205;5
206;Dodge;Charger;2001;4UCYM936STM316193;25000;372;Benzyna;2,0;206;206;31
207;Hyundai;Santa Fe;2004;6VOEQ634GCU332602;36000;224;Hybrydowy;1,6;207;207;21
208;Mercedes-Benz;Klasa A;2006;1MMUS832YNV345394;47000;140;Diesel;1,6;208;208;15
209;Fiat;126p;2011;6PWAT564DAX956809;16000;355;Elektryczny;1,2;209;209;22
210;Mercedes-Benz;Klasa B;2009;9RKOB349CEI304542;20000;239;Elektryczny;1,9;210;210;45
211;Alfa Romeo;4C;2005;4OHHY659SSM262831;42000;389;Elektryczny;2,0;211;211;21
212;Volkswagen;Golf;2007;7ROYU052ORO307050;13000;240;Hybrydowy;2,0;212;212;45
213;Opel;Corsa;2004;3BJDE514SEE090334;13000;242;Diesel;2,0;213;213;1
214;Ferrari;California T;2005;2QGBF962KUF339126;28000;231;Diesel;1,9;214;214;14
215;Chevrolet;Sonic;2004;3SXAR478UNO780242;35000;322;Diesel;1,0;215;215;40
216;Mercedes-Benz;Klasa A;2016;1LPEY420YQL561833;44000;246;Hybrydowy;1,4;216;216;14
217;Kia;Rio;2009;1JILF450ZSH053217;32000;440;Diesel;1,4;217;217;15
218;Fiat;126p;2005;7LEOM869BUH627669;49000;304;Hybrydowy;1,0;218;218;24
219;Peugeot;301;2015;5SBBL128ZQP912054;39000;414;Diesel;1,6;219;219;8
220;Alfa Romeo;Stelvio;2016;1MDPJ136MCB758941;45000;174;Hybrydowy;1,0;220;220;46
221;Renault;Megane;2016;0LWIK148TSR927914;26000;274;Elektryczny;1,4;221;221;34
222;Dodge;Ram;2010;5USJR661GKQ786281;26000;299;Hybrydowy;1,2;222;222;8
223;Volkswagen;Golf;2015;8XIMV725ODZ314921;21000;258;Hybrydowy;1,2;223;223;45
224;Peugeot;301;2013;9RPTJ045DTY015418;13000;260;Diesel;1,6;224;224;16
225;Alfa Romeo;Giulia;2013;6EALM203QIT516238;43000;131;Diesel;1,4;225;225;36
226;Renault;Megane;2007;1NFDR229WXG489591;17000;151;Hybrydowy;1,6;226;226;46
227;SEAT;Ibiza;2011;6TEPQ450JDD533822;22000;348;Benzyna;1,0;227;227;40
228;Fiat;Punto;2012;5THJL311PLP892615;39000;136;Elektryczny;2,0;228;228;42
229;Aston Martin;DB9;2012;1NUUJ787UQV444576;18000;163;Diesel;1,9;229;229;46
230;Mercedes-Benz;Klasa B;2007;9LZRN349JOB676563;44000;167;Diesel;1,9;230;230;26
231;Ferrari;488 Spider;2015;0RBAX055YWG654485;18000;173;Benzyna;2,0;231;231;39
232;Chevrolet;Cruze;2013;5OLME076FYI868020;18000;138;Diesel;1,9;232;232;49
233;Dodge;Charger;2002;6LXOC368DWC037415;49000;294;Hybrydowy;1,4;233;233;49
234;Aston Martin;DBS;2011;9LDGK068WRW721557;28000;99;Elektryczny;1,6;234;234;33
235;Citroën;Berlingo;2007;8EEOS978LMO867413;41000;127;Benzyna;1,0;235;235;32
236;Honda;Skydeck;2000;3ZFLK488XBL003986;45000;327;Hybrydowy;1,2;236;236;49
237;Chevrolet;Sonic;2008;6YEGW005CFS657997;46000;374;Diesel;1,9;237;237;9
238;Honda;Civic;2000;6IWHT878FOJ334491;24000;317;Benzyna;2,0;238;238;30
239;Opel;Corsa;2012;4TULI026TFA787108;11000;165;Elektryczny;1,2;239;239;6
240;Opel;Vectra;2011;8XRVA444IRB625724;41000;325;Hybrydowy;1,0;240;240;40
241;Kia;Cee'd;2015;3BFSA753XYQ862549;42000;179;Diesel;1,4;241;241;20
242;SEAT;Toledo;2003;3BCOB170VRF410408;10000;390;Diesel;1,0;242;242;42
243;Citroën;Berlingo;2003;7ZABF732IIR234334;31000;295;Hybrydowy;1,9;243;243;27
244;Aston Martin;DB7;2014;7GTNF490TRG128422;38000;174;Diesel;1,4;244;244;3
245;Peugeot;301;2009;6WQZC445JIU845386;21000;353;Hybrydowy;1,4;245;245;34
246;Chevrolet;Sonic;2005;1PTAZ554WJW080160;32000;423;Diesel;1,6;246;246;34
247;Hyundai;I30;2009;7KUEZ119ICK243947;15000;371;Elektryczny;1,2;247;247;1
248;Fiat;Panda;2003;0AHRE528DZB550292;12000;410;Benzyna;2,0;248;248;12
249;Porsche;Carrera;2012;1LVLU811YRB684302;23000;288;Benzyna;1,4;249;249;15
250;Renault;Megane;2005;4XSBJ295BCU689553;27000;249;Diesel;1,9;250;250;25
251;Mercedes-Benz;CLA;2015;6SCSI677PWY385655;17000;421;Diesel;1,6;251;251;35
252;Opel;Corsa;2001;9ECTH149BOH743966;18000;162;Elektryczny;1,0;252;252;20
253;Mercedes-Benz;Klasa B;2014;0XGTW470VHD912443;39000;363;Benzyna;1,9;253;253;23
254;Dodge;Charger;2009;5ZQEF149VIJ168100;19000;320;Benzyna;1,6;254;254;20
255;Renault;Megane;2013;5LSAF273PZB116276;14000;444;Benzyna;1,9;255;255;10
256;Citroën;C3;2011;8TVMF331UJU166680;42000;393;Benzyna;1,2;256;256;9
257;Audi;A4;2000;1KCUJ860TOS558674;23000;153;Diesel;1,9;257;257;14
258;Kia;Stonic;2011;4XDIS396HOU305752;32000;202;Hybrydowy;1,9;258;258;22
259;SEAT;Toledo;2008;0JKRS533KVG629081;22000;201;Diesel;1,2;259;259;36
260;Citroën;Berlingo;2002;0UCWQ680GMG594977;42000;166;Diesel;1,9;260;260;19
261;Honda;Civic;2012;0EPTK444FWH546597;21000;217;Elektryczny;1,6;261;261;21
262;Opel;Corsa;2003;5RUOC868FIF580505;34000;246;Elektryczny;1,2;262;262;48
263;Hyundai;Kona;2002;6CULZ700VVC029852;40000;239;Elektryczny;1,9;263;263;35
264;Alfa Romeo;Stelvio;2007;4KIEL251ZWG736708;19000;145;Diesel;1,2;264;264;23
265;BMW;Z4 Coupé;2006;8KVEI044GRI256010;34000;275;Elektryczny;1,6;265;265;35
266;Ferrari;California T;2000;1MBKW923XFT500124;24000;285;Benzyna;1,0;266;266;40
267;Renault;Clio;2006;2LLMK254HKZ828603;37000;219;Elektryczny;1,4;267;267;40
268;Dodge;Ram;2006;6SZZR714FRI976369;29000;387;Benzyna;1,2;268;268;1
269;Aston Martin;DB9;2002;4JUUN111SME453406;22000;177;Benzyna;1,9;269;269;15
270;Audi;A4;2007;1JFNQ685LUH988786;36000;403;Benzyna;1,0;270;270;34
271;Honda;Civic;2000;5DTGO336WBG955058;14000;220;Elektryczny;1,6;271;271;45
272;Opel;Astra;2010;6WHFM209VZW755593;47000;112;Elektryczny;1,0;272;272;31
273;Dodge;Challenger;2011;3IIQP562YRE036428;32000;105;Hybrydowy;1,0;273;273;9
274;Audi;A6;2009;0POXE179PRT052710;36000;129;Benzyna;1,2;274;274;14
275;Aston Martin;DB7;2008;8ZCJD791JGB361016;33000;85;Diesel;1,2;275;275;42
276;Kia;Cee'd;2004;4ANWH474KYF817510;35000;89;Diesel;1,6;276;276;48
277;BMW;X3;2005;5PJCK732CWK101211;34000;420;Hybrydowy;2,0;277;277;31
278;Kia;Rio;2013;9HGUL695ROW274937;32000;97;Hybrydowy;1,4;278;278;7
279;Fiat;Panda;2003;0VTVX563DQO435833;14000;159;Benzyna;2,0;279;279;13
280;Dodge;Ram;2003;6JTMO555BSQ304936;23000;248;Elektryczny;1,2;280;280;23
281;Citroën;Berlingo;2008;0NNRT686VPA498372;26000;309;Elektryczny;1,2;281;281;2
282;Aston Martin;DB9;2009;8SIVM573SCJ283748;26000;300;Benzyna;1,4;282;282;50
283;Alfa Romeo;4C;2004;9MWWY676GRV831380;15000;102;Diesel;1,0;283;283;37
284;Opel;Corsa;2011;1FZRZ473RNE502544;28000;284;Elektryczny;1,9;284;284;30
285;Mercedes-Benz;Klasa A;2005;2MKJV964OKZ624790;33000;315;Diesel;1,0;285;285;7
286;Kia;Stonic;2016;1DUTO870JAU992708;25000;176;Hybrydowy;2,0;286;286;13
287;Hyundai;I30;2009;7XNAK120LZT556578;11000;439;Elektryczny;1,0;287;287;21
288;Kia;Stonic;2005;0VFMJ330TPY191992;10000;105;Elektryczny;1,0;288;288;27
289;Ferrari;LaFerrari;2005;1WQHU515IZE770842;39000;337;Diesel;2,0;289;289;11
290;Audi;A6;2010;0UNTB000ZDR771960;12000;430;Hybrydowy;1,2;290;290;38
291;Fiat;Panda;2012;3ZSDO052AGF715121;33000;164;Hybrydowy;1,0;291;291;2
292;Hyundai;Santa Fe;2009;6MECS064MFW087738;17000;118;Elektryczny;1,2;292;292;30
293;SEAT;Toledo;2013;6EOYB047WYK183262;27000;285;Hybrydowy;1,4;293;293;19
294;Chevrolet;Spark;2016;2BGFO316ODK052053;28000;233;Hybrydowy;1,0;294;294;33
295;Chevrolet;Spark;2012;3RHHW537CDZ937012;42000;185;Elektryczny;1,9;295;295;25
296;Peugeot;508;2005;2NRCC823RQU384264;24000;168;Diesel;1,6;296;296;3
297;Chevrolet;Cruze;2011;0VOZE694MYJ563291;39000;408;Benzyna;2,0;297;297;36
298;Honda;S2000;2011;3HTUT208TXI847783;49000;190;Hybrydowy;1,4;298;298;31
299;Audi;Q7;2003;0YBVA561IHQ867619;30000;207;Diesel;1,9;299;299;49
300;Ferrari;488 Spider;2012;4HJHW739TGN638097;41000;275;Elektryczny;1,6;300;300;49
301;Citroën;Berlingo;2014;6IWMV857ETS890426;17000;430;Elektryczny;1,4;301;301;25
302;Aston Martin;DB9;2007;4VOLM005VFO099433;27000;183;Benzyna;1,9;302;302;30
303;Peugeot;208;2013;4WTKT503ALV664758;20000;307;Benzyna;1,9;303;303;27
304;Honda;Civic;2015;8GTUL136WJR582185;42000;268;Benzyna;1,4;304;304;7
305;Chevrolet;Sonic;2016;9FQSX849RBX115730;10000;335;Benzyna;2,0;305;305;43
306;Audi;A6;2003;2CEKW272UAI279761;33000;105;Hybrydowy;1,9;306;306;36
307;Dodge;Challenger;2003;9LYAZ364FKY404450;38000;208;Benzyna;1,4;307;307;6
308;Ferrari;LaFerrari;2003;4VHYL833WJV103900;44000;349;Diesel;1,0;308;308;5
309;Porsche;Macan;2012;4BXHL326HRK035582;10000;196;Hybrydowy;1,4;309;309;29
310;BMW;Z4 Coupé;2006;1PAGZ134FFP932922;37000;185;Elektryczny;1,2;310;310;34
311;Renault;Captur;2014;7UCVW559NYL087313;34000;334;Hybrydowy;1,9;311;311;29
312;Volkswagen;Golf;2016;1KJMP457CTM864269;39000;162;Diesel;1,9;312;312;1
313;Aston Martin;DB7;2005;2LRAO704YJN215711;49000;341;Hybrydowy;1,2;313;313;47
314;Chevrolet;Spark;2010;4TLTF531JRH270428;45000;213;Benzyna;2,0;314;314;5
315;Alfa Romeo;Giulia;2010;9YSJQ065HWP389513;49000;104;Diesel;1,9;315;315;50
316;SEAT;Toledo;2005;2OFHV965SXA074278;26000;174;Benzyna;1,9;316;316;15
317;Renault;Captur;2014;9AUCP538JAN713338;22000;211;Elektryczny;1,9;317;317;23
318;BMW;Z4 Coupé;2008;6CQZB674ELH207259;18000;235;Benzyna;1,6;318;318;41
319;Ferrari;LaFerrari;2005;8DCJR313MAN451301;11000;244;Hybrydowy;1,0;319;319;35
320;Porsche;Macan;2003;7UBPG880MIS837630;46000;129;Hybrydowy;1,0;320;320;10
321;Porsche;Cayenne;2011;0LAXC299UMN813134;11000;237;Diesel;1,6;321;321;13
322;Hyundai;Santa Fe;2007;3DSJD179HMI546609;43000;225;Elektryczny;1,6;322;322;46
323;Honda;Skydeck;2007;8NLYO554RIK811624;24000;437;Elektryczny;2,0;323;323;43
324;Volkswagen;Polo;2009;6QYYA272TOU282592;44000;110;Benzyna;1,4;324;324;45
325;Peugeot;208;2000;3JBEP515ERP203085;38000;288;Benzyna;1,6;325;325;48
326;Volkswagen;Golf;2004;5MSLG631WVA913310;18000;128;Diesel;1,2;326;326;49
327;Citroën;C3;2006;6GXLZ376FRF328669;24000;94;Hybrydowy;1,2;327;327;48
328;Dodge;Challenger;2008;1SXCO721QDI652199;34000;126;Diesel;1,4;328;328;27
329;Honda;Civic;2008;7NNVZ855CMR808543;32000;327;Diesel;1,9;329;329;6
330;Ferrari;LaFerrari;2002;8TPGL744VPZ580520;22000;262;Elektryczny;1,4;330;330;12
331;Kia;Cee'd;2009;7PMLW726YAV841825;18000;294;Elektryczny;1,6;331;331;14
332;Peugeot;508;2011;2PTEL473WQJ929564;49000;440;Hybrydowy;2,0;332;332;49
333;Hyundai;I30;2012;5SVFE043XXP628339;49000;324;Elektryczny;1,9;333;333;27
334;Citroën;C3;2016;8NFYS977SUQ515735;30000;226;Benzyna;1,4;334;334;5
335;Honda;S2000;2000;4VFWF486OID673470;39000;265;Benzyna;1,0;335;335;20
336;Aston Martin;DB7;2000;7ZJLH984VQU945904;16000;148;Hybrydowy;1,2;336;336;26
337;Chevrolet;Spark;2014;6QLVH513LYF228858;40000;341;Hybrydowy;1,2;337;337;26
338;Peugeot;208;2003;3NHAK211TPI799944;35000;237;Diesel;1,0;338;338;10
339;Volkswagen;Polo;2015;4GXYG560GQT590849;31000;420;Elektryczny;2,0;339;339;6
340;Hyundai;I30;2013;0OKPA695NWL123873;33000;145;Diesel;2,0;340;340;27
341;Opel;Corsa;2012;6ERNP353HOD358603;47000;131;Elektryczny;1,2;341;341;50
342;Volkswagen;Polo;2008;1JNHZ900VEK012407;37000;322;Benzyna;2,0;342;342;20
343;Hyundai;I30;2007;1EHCG935XYK125872;10000;249;Benzyna;1,6;343;343;5
344;Citroën;Berlingo;2010;9ZMNP046QXB868544;26000;235;Elektryczny;1,0;344;344;1
345;Peugeot;301;2013;0DSJN804SXY884622;20000;219;Diesel;1,4;345;345;21
346;Renault;Captur;2008;5WKTY128KSA586178;27000;434;Elektryczny;2,0;346;346;42
347;Chevrolet;Spark;2016;9ZBBT681CJP708657;48000;265;Diesel;1,9;347;347;47
348;Ferrari;488 Spider;2001;3ADKF546ONF189343;28000;237;Diesel;1,4;348;348;43
349;BMW;X3;2008;6LSUQ021PZD197552;40000;173;Benzyna;1,9;349;349;41
350;Porsche;Macan;2010;5TMTC499SKG841257;23000;333;Hybrydowy;2,0;350;350;26
351;Peugeot;508;2009;3BUXL661CZT761968;24000;143;Benzyna;2,0;351;351;38
352;Hyundai;Santa Fe;2000;5MUTE820GKO025275;31000;301;Hybrydowy;1,9;352;352;27
353;Ferrari;California T;2010;0YQLQ638LZD804935;27000;137;Diesel;1,9;353;353;23
354;Hyundai;I30;2002;8UCYH761ONB738163;47000;318;Elektryczny;1,4;354;354;16
355;Opel;Vectra;2011;9UZYC159RXF884865;27000;374;Benzyna;2,0;355;355;31
356;Hyundai;Santa Fe;2011;3DTIY272KJL836432;11000;428;Hybrydowy;1,6;356;356;3
357;Honda;Skydeck;2014;6QLIM687MZF635249;36000;144;Hybrydowy;1,4;357;357;9
358;Porsche;Cayenne;2013;6VOFQ642KIK119870;12000;133;Benzyna;1,6;358;358;36
359;Mercedes-Benz;Klasa A;2000;7SZTS075LJF031876;41000;369;Hybrydowy;1,4;359;359;40
360;Ferrari;488 Spider;2010;5WHDF704IEG499780;47000;303;Hybrydowy;1,0;360;360;14
361;Porsche;Cayenne;2001;2LAPE578OFO808150;37000;317;Hybrydowy;1,0;361;361;49
362;Volkswagen;Polo;2008;1TASH277LEC468938;22000;256;Diesel;2,0;362;362;3
363;Fiat;Punto;2007;6FBFJ698OMZ592634;42000;236;Diesel;1,2;363;363;4
364;Citroën;Berlingo;2004;4MNNS575ZSH776173;20000;270;Benzyna;1,4;364;364;4
365;Renault;Clio;2012;5JAVY628FWH775620;36000;424;Hybrydowy;1,0;365;365;9
366;Ferrari;LaFerrari;2002;6JPXR320MJU283185;29000;85;Benzyna;1,9;366;366;13
367;Dodge;Charger;2014;9XMMJ804WOO090708;22000;94;Diesel;1,0;367;367;13
368;Audi;A4;2000;8XNBK791ATQ874113;27000;318;Elektryczny;2,0;368;368;39
369;Citroën;C3;2016;6MFUD412PFM114287;26000;207;Benzyna;1,4;369;369;12
370;Alfa Romeo;Stelvio;2010;7QIPH922XHE462535;24000;444;Elektryczny;1,2;370;370;24
371;Porsche;Cayenne;2003;7GIZF258VUW358687;36000;355;Hybrydowy;2,0;371;371;11
372;Kia;Rio;2008;4BFQK508TGL528725;41000;124;Benzyna;1,0;372;372;32
373;Fiat;Panda;2015;5UAPH364NMZ807837;15000;343;Elektryczny;1,0;373;373;31
374;Porsche;Carrera;2013;1NBSU941XKS233987;49000;265;Diesel;1,4;374;374;5
375;Hyundai;I30;2011;7XPLK541QNV400593;14000;389;Diesel;1,0;375;375;43
376;Aston Martin;DB7;2003;6YNMY188ACR344275;17000;304;Diesel;1,2;376;376;43
377;Hyundai;Santa Fe;2015;8MAOA914MAQ233770;19000;392;Benzyna;1,0;377;377;46
378;BMW;Z4 Coupé;2014;4YQQB373FBW043280;46000;272;Elektryczny;1,2;378;378;17
379;Mercedes-Benz;Klasa A;2006;3LFWS473CAF896977;42000;222;Diesel;1,0;379;379;29
380;Renault;Captur;2000;0NDYL963NGE686222;26000;271;Diesel;1,4;380;380;21
381;Fiat;126p;2014;5PNIG481PEG925665;21000;201;Diesel;1,0;381;381;17
382;Hyundai;Santa Fe;2007;0ZTXB064HUZ642896;24000;388;Benzyna;1,9;382;382;22
383;Chevrolet;Spark;2007;5MAOC933QRS224734;49000;337;Elektryczny;1,2;383;383;1
384;SEAT;Leon SC;2013;5VTUN099MTT602013;11000;175;Diesel;1,6;384;384;34
385;SEAT;Ibiza;2014;7IVVW882SGJ502638;15000;321;Benzyna;1,2;385;385;48
386;Volkswagen;Golf;2004;7QCLY496ECH998736;31000;264;Benzyna;2,0;386;386;4
387;BMW;X3;2008;0TRAO514LWY445137;26000;379;Diesel;1,0;387;387;3
388;Aston Martin;DB9;2016;2XZBW984UOD988142;37000;423;Benzyna;1,9;388;388;22
389;Dodge;Challenger;2015;8VCHB211FSQ318218;47000;136;Diesel;1,6;389;389;40
390;Hyundai;Kona;2007;1ZDIA298QMZ481017;18000;166;Elektryczny;1,4;390;390;30
391;Citroën;C3;2005;2XXDJ462GAJ984057;15000;444;Diesel;1,9;391;391;22
392;Peugeot;301;2011;9WHAJ781BSX622318;48000;335;Hybrydowy;2,0;392;392;22
393;Aston Martin;DB7;2006;9JLED770FZK613405;46000;297;Hybrydowy;1,6;393;393;18
394;Renault;Megane;2005;4DJAT729BNB429491;35000;91;Hybrydowy;2,0;394;394;24
395;Honda;Skydeck;2007;1SEAW186MOL056410;30000;196;Elektryczny;2,0;395;395;9
396;Mercedes-Benz;Klasa B;2001;2UBFB082LIP828298;36000;416;Elektryczny;1,9;396;396;18
397;Alfa Romeo;4C;2016;0FWGN539NMD091482;28000;85;Diesel;1,4;397;397;41
398;Kia;Rio;2010;4FCGT093MUM025968;48000;408;Benzyna;1,4;398;398;26
399;Ferrari;LaFerrari;2012;3YZCP795HZL686857;33000;361;Diesel;2,0;399;399;26
400;Honda;S2000;2000;4WQMD106XNP117325;41000;332;Benzyna;1,0;400;400;2
