1;13;1;1;0;0;1;0;1;1;1;1;0;1;0;1;1;0;0;0;0;0;1;0;1;1;1;1;1;1;0;1;1;0;0;0;1
2;2;0;1;1;1;0;0;0;1;1;0;0;1;0;0;1;1;0;0;0;0;1;0;1;0;0;1;0;0;1;1;1;0;1;1;1
3;0;1;0;0;1;0;1;0;1;1;1;1;1;1;1;1;0;0;1;0;1;1;0;0;0;1;0;1;0;0;1;1;0;0;0;0
4;2;0;0;0;0;0;1;0;0;1;1;0;0;1;0;0;1;1;1;0;1;1;0;0;1;1;0;1;0;1;0;1;0;1;1;0
5;4;1;0;1;1;0;0;0;1;1;0;0;0;1;0;1;0;0;0;0;1;0;0;0;0;1;0;1;1;1;0;1;0;0;0;0
6;7;1;1;1;1;1;1;1;0;0;1;1;0;0;0;1;1;0;0;1;1;1;0;0;1;1;1;1;1;0;1;1;0;1;0;1
7;2;1;0;0;0;1;0;0;1;1;0;1;1;0;1;0;1;1;0;1;1;0;0;0;1;0;1;1;0;0;0;1;0;1;1;1
8;11;1;1;1;0;0;1;1;0;1;1;1;1;1;1;0;0;1;1;1;1;1;0;0;0;0;1;0;1;0;1;0;1;0;0;0
9;7;0;0;0;1;1;1;0;1;0;0;1;1;1;0;0;1;1;1;0;0;0;0;0;1;1;0;1;1;0;1;1;0;0;1;0
10;12;1;1;0;0;0;1;1;1;0;1;1;1;0;0;0;1;1;1;1;1;1;1;0;0;0;1;0;0;0;1;1;1;1;1;1
11;7;1;1;0;1;0;1;1;0;0;0;1;1;0;0;1;0;0;0;1;0;1;0;0;0;1;0;1;1;0;1;1;0;1;0;0
12;6;0;0;1;0;0;0;1;0;0;0;0;1;0;1;0;1;1;0;0;0;1;0;1;0;1;0;1;1;1;0;0;0;1;0;0
13;6;1;0;0;1;1;1;0;0;1;0;1;0;1;1;0;0;1;1;1;0;0;0;0;0;0;1;1;1;1;1;1;1;0;0;0
14;4;1;0;1;0;1;1;0;0;0;1;0;1;0;1;1;0;0;0;0;0;0;1;1;1;1;1;1;0;0;1;0;0;1;1;1
15;11;0;0;0;0;0;0;0;1;0;0;0;0;1;1;1;1;0;1;0;1;0;0;1;0;1;0;0;0;0;1;0;1;1;1;0
16;2;0;0;1;1;0;1;0;1;0;1;0;0;1;1;0;0;0;0;0;0;1;1;0;0;0;0;0;1;1;1;1;1;1;0;0
17;10;0;0;0;0;0;0;1;1;1;0;0;1;1;0;1;1;0;1;1;0;0;0;0;0;1;0;1;0;1;1;0;1;1;0;1
18;6;1;0;0;1;1;1;0;0;0;0;0;1;0;0;1;1;1;0;1;0;1;0;0;0;1;1;0;1;0;0;0;0;0;1;1
19;13;1;0;0;0;1;0;1;1;0;0;1;0;1;1;1;0;0;1;1;0;1;1;1;1;1;0;1;0;0;0;1;1;0;1;1
20;2;0;0;0;0;1;1;1;0;1;1;0;0;0;1;0;0;0;1;0;0;1;0;0;1;1;0;1;1;1;0;1;1;1;0;0
21;13;1;1;1;0;0;1;1;1;0;0;1;1;1;1;0;1;1;1;1;0;1;1;1;0;0;1;1;0;1;0;0;1;1;0;0
22;14;0;1;0;1;1;0;1;1;0;1;0;0;1;0;0;0;1;0;1;1;0;0;0;0;0;0;0;1;0;0;0;0;1;0;1
23;6;1;1;1;1;0;0;0;0;0;1;1;0;1;1;1;0;1;1;1;0;1;0;0;0;0;0;0;1;0;0;0;0;1;0;1
24;2;1;0;0;1;1;1;0;1;1;0;0;0;0;1;0;1;1;0;0;1;0;0;0;1;0;0;0;1;1;1;1;0;0;0;1
25;12;0;0;0;0;1;1;0;1;0;0;0;1;1;1;1;1;0;1;0;1;0;1;0;1;0;1;1;1;0;1;1;1;1;0;0
26;9;0;0;1;0;1;0;0;1;1;1;1;0;1;0;1;0;1;1;0;0;1;1;1;1;1;1;0;0;1;1;0;0;0;1;0
27;12;0;1;0;1;1;1;0;1;0;1;1;1;1;1;0;1;0;1;0;1;0;1;1;0;1;1;0;0;0;1;0;0;0;1;0
28;6;1;0;1;1;1;0;0;1;0;1;0;1;0;1;1;1;0;0;0;0;0;0;1;1;1;0;1;1;1;0;1;0;1;1;1
29;13;1;0;1;1;1;0;1;1;0;0;0;0;1;1;0;0;1;0;1;0;0;1;1;1;0;0;1;1;1;1;0;0;1;0;0
30;13;1;0;0;0;0;1;1;1;0;1;1;0;0;1;0;0;1;1;1;1;0;0;1;0;1;0;0;0;1;0;1;0;0;1;1
31;13;1;0;1;1;0;0;1;1;1;0;1;0;0;0;1;1;1;0;1;0;1;1;1;0;1;1;1;0;1;1;0;1;1;0;0
32;4;1;1;1;1;1;1;0;1;1;0;1;0;0;1;1;1;1;0;1;0;0;1;0;0;1;0;1;1;1;1;0;0;0;0;1
33;1;1;1;1;0;0;1;1;0;1;0;0;0;0;0;0;1;1;0;1;0;0;0;1;0;0;1;0;1;0;1;1;0;1;1;1
34;4;1;1;0;0;1;1;0;1;1;1;0;1;1;0;0;1;1;1;0;0;0;0;0;1;1;0;0;0;0;1;0;1;1;1;1
35;4;1;0;1;1;1;0;1;1;1;1;1;0;0;0;0;0;0;0;0;1;1;1;0;0;1;1;1;1;1;1;0;1;1;0;1
36;1;0;0;1;0;1;1;1;1;0;1;0;1;1;1;1;1;1;0;1;1;0;0;0;0;0;1;1;1;0;0;1;0;0;1;0
37;5;1;0;0;1;0;0;1;0;1;0;1;0;0;1;0;1;0;0;1;1;0;1;0;1;1;0;0;1;0;0;0;1;0;1;1
38;5;0;1;1;0;0;1;1;1;1;0;1;1;0;0;1;1;1;1;0;0;0;1;0;0;1;1;1;0;1;0;0;1;1;0;0
39;13;0;1;1;1;0;0;1;0;0;0;0;1;0;1;1;0;1;1;1;0;1;1;0;1;0;0;1;0;0;1;0;1;1;1;1
40;2;1;1;0;1;0;1;0;0;0;1;1;0;1;0;1;1;1;0;0;0;0;0;1;0;1;0;1;0;1;1;0;0;0;0;0
41;6;1;1;0;1;0;1;1;1;1;0;1;0;0;1;0;0;0;0;0;0;1;1;1;0;0;1;0;1;1;0;0;0;0;0;0
42;14;1;1;0;0;0;1;0;1;0;1;0;1;0;0;0;1;1;0;0;1;0;1;0;0;0;1;0;1;0;0;0;0;1;0;0
43;12;1;1;1;1;0;1;0;0;1;1;0;0;1;0;0;0;1;1;0;0;1;1;1;0;1;0;1;0;0;0;1;1;0;0;1
44;11;1;0;1;0;0;0;0;1;0;1;1;0;1;0;0;1;0;1;1;0;0;0;0;1;1;0;0;0;1;0;1;1;1;0;1
45;9;1;1;0;1;0;1;1;0;0;1;1;0;1;1;0;1;0;1;1;0;1;1;1;1;1;0;0;0;1;0;0;0;1;1;1
46;4;0;0;1;1;0;0;1;1;1;0;1;0;1;0;0;0;0;0;0;1;1;0;1;0;0;1;1;1;1;0;0;0;1;0;0
47;3;0;0;0;0;1;0;0;0;0;1;0;0;1;0;1;0;1;0;1;0;0;1;0;1;1;0;1;0;1;1;0;1;1;1;1
48;4;0;0;1;0;1;1;1;0;1;1;1;1;0;0;0;0;1;1;0;0;1;1;0;1;1;1;1;1;0;1;0;1;0;0;1
49;9;1;1;1;1;0;0;1;1;1;0;0;1;0;1;1;1;0;1;1;1;1;1;0;0;1;0;1;0;1;0;1;1;1;0;0
50;0;0;0;1;0;0;0;0;0;0;1;1;1;1;0;0;0;0;1;1;0;0;1;1;0;0;0;0;1;1;1;1;0;0;1;1
51;8;0;0;0;0;0;0;1;1;1;0;0;1;1;1;0;0;0;0;0;1;0;0;0;0;1;0;0;1;1;0;1;0;0;1;0
52;12;1;0;1;0;0;0;0;0;0;1;1;1;0;0;1;0;0;1;1;1;0;0;1;1;0;1;0;0;0;1;1;0;1;0;0
53;0;0;0;0;0;0;1;1;0;0;1;0;1;0;1;1;1;0;1;0;0;0;0;0;1;0;0;1;1;0;0;0;0;1;1;0
54;7;0;1;1;0;1;0;1;0;1;1;0;1;1;1;1;0;1;1;1;0;1;0;1;1;1;1;1;1;1;0;1;1;0;1;1
55;3;0;1;1;1;0;0;0;0;1;0;1;0;1;1;0;0;0;1;1;1;1;1;0;0;0;1;1;1;0;1;1;0;1;0;0
56;8;1;0;1;1;1;0;1;0;1;0;0;0;0;1;1;1;0;0;1;1;0;0;0;0;0;0;1;0;1;0;0;0;1;1;1
57;2;0;1;0;1;0;1;1;1;0;0;0;0;1;0;0;0;1;0;1;0;1;0;0;0;1;0;0;1;0;1;0;0;0;1;0
58;3;0;1;1;1;0;0;0;1;1;1;1;1;1;0;1;1;1;0;1;0;1;0;1;0;0;0;0;1;1;0;1;0;0;0;1
59;6;0;1;1;0;0;0;1;0;0;0;1;0;0;1;0;0;0;1;1;0;0;1;1;1;1;1;0;0;1;0;1;1;1;0;0
60;7;1;1;1;0;0;1;1;1;1;1;1;0;1;1;0;0;0;0;1;1;0;0;1;1;1;1;1;0;0;1;1;1;0;1;1
61;7;1;1;1;1;1;0;0;0;0;0;0;1;0;1;1;0;0;0;0;0;1;1;1;0;1;1;0;0;0;0;1;0;0;0;1
62;7;0;1;0;1;1;0;1;0;0;0;0;1;1;0;0;1;0;1;0;0;1;1;0;1;0;1;0;1;0;0;1;0;0;1;1
63;10;1;1;0;0;1;1;0;1;1;1;1;1;0;0;1;1;1;1;0;1;0;0;0;0;1;1;1;1;0;0;1;1;1;1;0
64;12;0;0;1;0;0;0;0;0;0;0;0;1;1;1;0;1;1;1;1;0;0;1;1;1;0;1;1;1;0;0;1;0;1;1;0
65;13;0;1;1;1;1;0;1;1;0;0;0;0;0;1;0;0;0;0;1;1;0;0;0;1;0;0;1;1;1;0;1;0;1;1;0
66;4;1;0;0;1;1;0;0;1;1;0;1;0;1;1;1;1;0;1;0;1;1;1;1;0;1;1;0;1;1;1;0;1;0;0;0
67;0;0;0;0;0;0;1;0;0;0;0;0;0;1;0;1;1;1;0;1;0;1;0;1;1;1;1;1;0;1;0;1;0;1;0;0
68;8;1;0;0;1;1;0;1;1;0;1;1;0;1;1;1;0;0;0;1;1;0;0;0;0;1;0;1;0;1;1;0;1;0;0;0
69;5;1;0;1;1;1;0;0;1;1;0;0;1;0;1;1;1;1;0;1;1;1;0;1;1;1;1;0;1;1;1;1;1;1;0;0
70;2;0;1;0;1;1;1;0;0;0;1;1;1;0;1;0;0;1;1;0;0;0;0;0;1;0;1;0;0;1;0;1;0;1;1;1
71;14;0;0;1;1;1;0;1;0;1;1;0;0;0;1;0;0;1;1;0;0;1;0;0;1;0;1;0;1;1;0;1;1;0;0;0
72;1;1;0;1;0;1;1;1;1;1;1;1;1;0;0;1;1;0;0;0;1;1;0;1;0;0;0;0;1;0;0;0;0;1;0;0
73;2;1;1;1;1;0;0;0;0;1;0;0;1;1;0;1;1;0;1;0;0;0;1;0;1;1;0;0;0;0;1;1;0;0;0;0
74;0;0;0;1;1;1;1;1;0;0;1;0;0;1;1;0;1;0;1;0;0;1;1;1;0;0;1;1;0;0;1;1;0;1;1;0
75;0;1;0;0;0;1;1;1;0;1;0;0;0;1;0;1;0;1;1;0;1;1;1;1;1;1;0;1;0;0;1;1;0;1;1;0
76;3;1;1;0;0;1;0;1;1;1;0;1;0;0;0;0;1;0;1;0;0;1;1;0;1;1;0;1;1;0;0;1;0;1;1;1
77;9;0;1;0;1;0;0;0;0;1;0;0;0;0;1;1;1;0;0;0;0;1;1;1;1;1;1;1;1;0;1;1;0;1;1;0
78;4;1;1;1;1;0;1;1;1;0;1;1;0;0;1;1;1;1;0;1;0;0;0;0;0;0;1;1;0;0;0;1;1;0;1;0
79;14;1;1;1;0;1;1;1;0;1;0;0;1;1;1;1;1;0;0;1;0;1;1;1;0;1;0;1;0;1;1;1;1;1;0;0
80;11;1;1;1;1;1;1;0;1;0;0;1;0;0;0;1;0;0;0;1;1;1;0;0;0;0;1;0;0;1;1;0;1;0;0;1
81;6;0;1;1;0;1;1;0;0;0;0;0;0;0;0;1;0;1;0;1;0;0;1;0;1;1;0;0;1;1;0;0;0;1;0;1
82;13;1;0;0;1;0;1;0;1;1;0;0;0;1;1;0;0;0;1;0;1;0;0;1;0;1;0;0;0;1;0;0;0;0;1;1
83;0;1;1;1;0;0;1;0;1;0;0;1;1;0;1;0;0;1;0;1;0;0;1;1;1;1;1;1;0;0;0;0;0;1;0;0
84;1;0;1;1;0;1;1;1;0;0;0;0;1;0;1;0;0;1;1;0;1;1;1;0;1;0;1;0;0;0;0;0;1;0;0;0
85;9;0;0;1;1;0;0;0;1;0;0;0;1;1;0;1;1;1;0;1;1;1;1;1;1;0;1;1;1;0;0;0;0;0;0;1
86;1;1;0;1;1;0;1;0;0;0;0;0;1;0;0;1;1;1;0;1;1;0;0;1;0;0;1;1;1;0;0;1;0;1;1;0
87;14;0;1;0;1;1;1;0;0;1;1;1;0;1;1;1;1;0;1;0;0;1;0;1;0;0;0;0;1;0;1;1;1;1;1;0
88;10;1;0;0;0;0;0;1;1;0;1;1;1;1;1;0;0;0;0;0;0;1;1;0;0;1;0;0;1;0;1;1;1;0;1;0
89;9;0;1;1;1;0;1;1;0;0;1;0;1;0;1;0;1;0;1;1;0;0;0;1;1;1;0;0;0;1;1;0;1;0;0;1
90;8;0;0;1;0;1;1;1;1;1;0;1;0;1;0;1;0;0;1;1;0;0;0;1;1;0;0;0;1;0;1;1;0;1;0;0
91;2;1;0;1;1;0;1;1;0;0;0;1;1;0;0;0;0;0;1;0;0;0;1;1;1;1;0;1;0;1;0;1;1;1;1;0
92;9;1;0;0;0;0;1;0;0;0;1;0;0;0;1;0;0;0;0;1;1;0;1;1;0;1;1;0;1;1;1;1;1;0;1;0
93;13;0;1;0;0;1;1;0;0;1;0;1;1;0;0;0;0;1;0;1;1;0;1;1;0;0;1;0;1;1;0;1;0;1;0;1
94;12;0;0;0;0;0;1;1;0;1;1;1;0;1;0;1;0;0;1;0;1;1;1;1;1;1;0;0;0;1;1;1;0;0;1;1
95;7;1;0;0;1;1;0;0;0;1;1;1;0;1;1;0;0;0;0;1;0;0;1;0;1;0;0;1;1;1;0;0;0;0;0;1
96;0;1;1;0;1;1;0;0;0;0;1;1;0;0;0;0;0;0;0;1;0;0;0;1;1;1;1;0;1;0;0;1;1;0;1;1
97;4;0;1;1;0;0;1;1;0;1;1;1;0;0;0;1;1;1;0;1;0;1;1;1;0;0;0;0;0;0;0;1;0;0;1;0
98;14;0;0;1;1;0;1;0;1;1;1;1;1;1;0;0;1;0;0;1;0;0;0;0;1;0;0;1;0;0;0;1;1;0;0;0
99;8;0;0;1;1;1;1;1;0;0;0;1;1;1;1;0;1;1;0;1;0;1;1;1;1;1;1;1;1;0;0;0;0;1;0;1
100;0;1;0;1;1;0;1;0;0;0;0;1;0;0;0;0;0;1;1;0;1;1;0;0;1;0;1;1;0;0;1;0;0;0;0;0
101;12;1;0;1;0;1;0;1;0;1;1;1;0;1;0;0;1;1;0;0;0;0;1;0;0;1;0;0;1;0;0;0;0;0;1;1
102;8;0;1;1;0;0;1;0;1;0;0;1;0;1;1;0;1;0;0;1;1;1;1;0;0;0;1;1;1;0;1;0;0;1;1;1
103;4;0;1;0;0;0;0;0;1;0;0;0;0;0;0;0;1;1;1;1;1;1;1;0;0;0;0;0;1;0;0;0;1;0;1;0
104;1;0;0;1;1;1;1;0;0;0;1;1;0;1;1;0;1;1;1;1;0;0;0;1;0;1;0;0;1;1;0;0;0;1;0;0
105;11;0;0;1;1;0;0;1;1;0;1;1;0;0;1;1;1;1;1;0;0;0;0;1;1;0;0;0;1;1;0;0;0;0;1;1
106;5;0;0;1;1;1;1;0;0;1;1;0;0;1;1;0;0;1;0;0;0;1;0;0;0;0;0;1;0;0;0;1;1;0;1;1
107;6;0;0;1;0;1;1;0;0;0;0;1;1;1;0;1;0;0;0;1;1;1;0;1;0;0;1;1;1;0;0;1;0;0;1;0
108;13;1;1;0;0;0;0;1;0;1;1;0;0;0;1;0;1;1;0;1;1;1;0;1;1;1;1;1;0;0;0;0;1;1;1;0
109;14;0;0;0;1;0;1;1;1;0;1;0;1;1;0;0;0;0;0;0;0;0;0;0;0;0;0;1;0;1;0;1;1;0;0;1
110;3;0;1;1;0;1;1;0;0;1;1;0;1;1;1;0;1;0;1;0;1;1;1;1;1;1;0;1;1;0;0;1;1;1;0;1
111;5;1;1;0;1;1;1;1;0;0;1;1;1;1;0;1;0;1;1;0;0;0;1;0;1;1;0;1;0;0;0;1;1;0;1;0
112;7;1;1;1;1;0;0;0;0;1;1;0;0;1;0;1;0;0;1;1;1;0;0;0;1;0;0;1;0;0;1;0;1;1;0;0
113;2;0;0;0;1;1;1;0;0;0;0;0;0;1;1;0;0;1;0;1;1;0;0;1;1;1;1;0;1;1;1;0;0;1;1;0
114;11;0;0;1;1;0;1;1;1;0;0;1;1;1;0;1;1;0;1;0;0;1;1;1;0;1;1;1;1;0;1;1;1;0;1;1
115;4;0;1;1;0;1;1;0;1;1;1;1;1;0;1;1;0;1;1;0;0;1;0;1;0;1;1;0;1;0;1;1;0;0;0;1
116;11;1;1;0;1;1;0;0;0;0;0;0;0;0;0;0;0;1;1;0;0;0;1;0;1;1;0;1;1;1;1;1;0;1;0;0
117;4;1;1;0;0;0;0;1;0;1;0;1;0;0;1;0;0;0;0;0;0;1;0;1;0;0;0;1;0;1;1;0;1;0;1;1
118;13;0;1;0;0;0;1;1;0;1;0;0;1;0;1;1;1;1;1;1;0;0;1;0;1;0;0;0;1;1;0;0;0;0;1;0
119;2;0;1;1;0;1;1;1;0;0;0;1;0;0;1;0;0;1;0;0;1;1;1;1;0;1;0;1;0;0;0;1;1;1;0;0
120;2;0;0;1;0;1;1;0;0;0;1;1;1;1;1;1;0;1;0;1;0;1;1;0;0;0;1;1;1;0;0;1;1;0;1;0
121;13;0;0;0;0;0;1;0;0;1;0;1;1;0;1;0;1;1;1;0;1;1;0;1;1;0;1;0;0;0;0;1;0;1;1;0
122;14;0;1;1;0;0;1;1;1;0;0;1;1;1;1;1;1;0;1;1;1;1;1;1;0;1;0;0;1;1;1;1;0;1;1;0
123;8;1;1;0;0;0;1;0;1;0;1;1;0;0;0;0;0;0;1;0;0;0;1;1;1;0;0;1;0;0;1;0;0;0;0;0
124;6;1;1;1;1;1;0;1;1;1;1;1;1;1;1;1;1;1;0;0;0;1;1;0;0;1;1;1;0;0;1;1;0;0;0;1
125;11;0;1;0;0;1;0;1;0;1;0;0;0;0;1;0;0;1;0;0;1;1;1;1;0;0;0;1;0;1;1;1;0;0;0;0
126;8;1;1;0;1;1;1;1;0;1;1;0;1;0;0;1;0;1;1;1;1;0;0;1;1;0;1;0;0;0;1;1;0;0;0;0
127;1;1;0;1;1;1;0;0;0;1;1;0;1;1;1;0;0;0;0;0;0;1;0;0;1;0;0;1;0;1;1;1;0;0;1;1
128;10;1;0;0;1;1;0;0;1;1;0;0;0;1;0;0;0;0;0;1;0;1;1;0;0;0;1;0;1;1;1;1;1;0;0;0
129;6;0;1;1;1;1;0;1;0;0;1;1;0;1;0;1;0;0;1;1;1;1;0;0;1;0;1;1;1;1;1;1;1;0;1;1
130;14;1;0;0;1;1;1;1;1;1;1;0;0;1;1;1;1;0;0;0;1;0;1;0;0;0;1;1;1;1;0;1;1;1;1;1
131;11;1;0;1;0;1;1;1;1;1;1;0;1;1;1;0;0;1;0;0;1;1;1;0;1;0;1;1;1;1;0;0;1;1;1;1
132;7;0;1;0;1;1;0;0;0;0;1;1;0;0;0;1;1;0;1;0;0;1;0;1;1;1;0;1;0;0;0;1;1;0;1;1
133;14;1;0;0;1;1;0;1;0;0;1;0;1;1;1;1;1;0;1;0;1;1;1;1;1;0;1;0;1;0;1;0;1;1;1;0
134;5;0;0;0;0;1;1;1;0;1;1;0;0;0;0;0;0;0;0;1;1;1;0;0;0;0;1;0;1;0;1;0;1;1;0;1
135;2;0;0;0;1;1;1;0;1;0;1;0;1;1;0;1;1;1;1;0;1;1;1;0;0;1;0;1;0;1;0;0;1;0;0;0
136;1;1;1;0;1;0;1;0;1;1;1;1;0;0;1;0;1;0;1;0;1;1;1;1;1;1;0;1;1;1;0;1;0;1;1;0
137;7;0;1;0;0;0;0;1;0;0;0;0;1;1;1;0;0;0;0;1;0;0;0;0;0;1;0;0;0;1;1;0;1;1;1;1
138;1;1;1;0;0;0;1;1;0;1;0;0;1;0;0;1;0;0;0;0;1;0;1;1;1;0;0;1;1;0;0;1;1;0;0;0
139;11;1;0;1;1;0;0;1;1;1;0;1;0;1;0;0;1;0;0;0;0;0;0;1;1;0;0;1;1;0;1;1;0;0;0;1
140;9;1;0;1;0;1;0;0;1;0;0;0;0;1;1;0;0;1;0;0;0;0;1;1;1;0;1;0;0;1;1;1;0;1;1;0
141;13;0;0;0;0;0;0;0;1;1;0;1;0;0;1;1;0;0;1;1;1;0;0;0;0;0;1;1;0;0;1;1;1;0;0;1
142;10;0;1;0;0;0;1;0;0;0;1;0;0;0;0;0;0;1;1;1;1;0;0;0;1;1;0;0;1;1;0;0;0;0;1;1
143;12;0;0;1;1;1;0;1;0;1;0;0;1;1;1;1;0;0;1;0;0;1;1;0;0;1;1;1;1;0;1;0;1;1;0;0
144;14;0;1;1;1;0;0;1;1;1;0;1;0;1;0;1;0;0;1;0;1;1;0;0;0;0;0;1;1;1;0;0;0;0;1;1
145;6;0;0;1;1;0;0;1;1;1;0;0;0;1;0;1;1;0;1;0;1;0;0;0;1;0;0;1;1;1;0;1;1;1;1;1
146;5;0;1;1;0;0;0;0;0;1;1;1;0;1;1;1;1;0;1;1;1;1;1;1;1;1;1;1;0;1;0;0;1;0;1;1
147;10;0;0;0;1;0;0;0;1;0;0;0;1;0;0;1;0;1;1;1;0;1;0;1;0;0;1;0;0;1;1;0;0;1;0;1
148;7;0;1;0;1;0;0;1;0;0;0;0;0;1;0;1;0;0;1;0;1;0;0;1;0;1;0;1;1;1;0;0;0;0;0;1
149;9;1;1;0;1;0;1;0;0;1;0;1;0;1;0;0;0;1;1;1;1;0;0;0;0;0;0;0;0;1;1;1;0;1;1;0
150;4;1;0;0;0;1;0;0;0;1;1;1;1;1;0;1;1;1;0;1;0;0;1;0;1;0;0;0;1;0;1;1;0;0;1;0
151;1;0;0;0;1;0;0;0;1;0;0;0;1;0;0;0;1;1;0;1;0;1;1;1;1;1;1;0;1;0;0;1;1;1;1;0
152;12;0;0;1;1;0;1;0;0;1;0;0;0;0;1;1;0;1;1;1;1;0;0;1;0;1;1;0;0;0;1;0;0;0;1;1
153;14;0;1;1;0;0;0;1;0;0;1;0;0;1;0;0;0;1;1;0;1;1;0;0;1;0;1;0;0;1;0;0;1;1;0;1
154;2;0;0;1;0;0;0;0;0;1;1;0;0;1;0;0;1;1;1;1;0;0;1;1;1;1;0;0;1;0;0;1;0;1;0;1
155;5;0;0;0;1;0;1;0;0;1;1;1;1;0;0;1;0;0;1;1;0;1;1;0;1;1;1;1;1;0;1;0;0;0;1;0
156;5;0;0;0;1;1;0;1;0;1;0;0;1;1;0;1;0;0;1;0;0;0;1;1;1;0;1;0;0;1;1;0;0;0;0;0
157;10;0;1;1;1;0;1;1;0;0;1;1;0;0;0;1;0;0;0;0;0;0;1;1;0;0;0;0;0;1;1;1;0;1;1;1
158;8;1;1;1;0;1;0;1;0;0;0;1;0;0;0;1;0;0;0;0;1;0;1;0;1;1;1;1;1;0;1;1;0;0;0;1
159;6;1;0;0;1;1;0;0;1;1;1;0;1;0;0;1;1;1;0;1;0;0;1;0;0;1;1;0;1;1;0;1;1;1;1;0
160;13;1;0;1;0;1;0;1;1;0;1;0;1;1;0;0;1;1;1;1;1;1;0;0;1;0;1;0;0;1;1;1;0;0;1;0
161;0;0;1;1;1;0;1;1;0;0;0;0;1;1;1;0;1;1;0;0;1;0;1;0;0;1;0;1;0;1;1;1;0;0;0;0
162;8;0;0;1;1;0;0;1;1;1;1;0;0;0;1;0;0;0;1;1;1;0;0;1;0;0;1;1;1;1;1;0;0;1;1;1
163;0;1;0;1;0;0;1;1;1;1;1;0;1;1;0;0;0;1;1;0;1;1;1;0;1;1;0;1;0;0;0;1;1;1;1;1
164;13;0;1;1;1;0;0;1;1;1;0;1;0;1;1;0;1;0;0;0;1;1;0;0;0;0;1;1;0;0;0;1;1;1;1;1
165;11;1;1;1;0;1;0;0;0;0;0;1;1;0;0;0;1;0;0;1;0;1;0;1;0;0;1;1;1;0;1;1;0;1;0;1
166;3;0;0;1;1;0;0;0;1;1;0;1;1;1;0;0;0;1;1;0;0;0;1;0;0;0;1;0;0;1;0;1;1;0;0;1
167;6;1;0;1;0;0;0;1;0;0;1;1;0;1;0;0;1;1;0;0;0;0;0;0;0;1;0;1;0;1;0;1;0;0;0;0
168;1;0;1;0;1;0;1;0;1;0;1;1;0;0;0;0;0;0;0;1;0;0;0;0;1;0;0;1;1;1;0;0;0;1;1;0
169;12;1;0;0;1;1;0;0;0;1;1;0;0;0;1;0;1;1;0;0;0;0;1;1;0;0;0;1;1;0;0;1;1;0;0;0
170;6;1;1;0;0;0;1;0;0;0;1;1;1;0;0;1;1;1;1;1;1;0;0;1;1;0;0;1;1;0;1;1;0;0;1;1
171;7;0;0;1;1;0;0;0;0;0;0;0;1;0;1;0;0;1;1;1;0;1;1;0;0;1;1;1;0;0;0;1;0;0;0;1
172;13;0;0;1;0;0;1;1;0;0;0;1;0;0;0;0;1;0;1;1;1;0;1;0;1;0;1;1;0;1;0;0;1;0;1;1
173;6;0;0;0;1;0;0;0;0;0;1;0;1;0;0;1;0;1;1;1;0;1;1;1;1;1;0;1;1;0;0;1;0;1;1;0
174;6;0;1;1;1;1;1;1;1;1;1;1;1;1;0;0;0;1;0;1;0;0;1;0;0;0;1;1;0;0;1;0;0;0;1;0
175;9;0;0;1;0;0;0;1;0;1;1;1;1;1;0;1;0;0;0;1;1;1;0;1;1;1;0;0;0;1;0;0;1;0;0;0
176;3;0;1;0;1;1;0;1;1;0;0;0;0;1;1;1;0;0;1;0;1;0;0;0;1;0;1;1;0;0;1;1;1;1;0;0
177;13;0;1;0;1;0;0;1;1;1;0;1;0;0;0;0;1;0;1;0;0;0;1;1;1;0;1;1;1;1;1;1;1;1;1;1
178;6;1;1;0;0;0;1;1;0;1;1;1;0;0;1;0;0;1;0;1;1;0;0;0;1;1;0;0;0;0;1;0;0;0;1;1
179;7;0;0;1;1;1;0;0;1;1;1;0;0;0;1;1;1;1;0;0;0;0;1;1;0;0;1;1;1;0;1;0;1;1;0;1
180;1;1;1;1;1;1;1;0;0;0;0;0;0;0;0;1;1;0;0;0;0;0;0;1;1;0;1;0;0;0;1;1;1;0;0;0
181;10;0;0;1;1;1;1;1;1;1;0;0;1;0;0;1;1;0;0;0;1;1;1;1;0;0;1;1;1;0;0;0;1;0;1;0
182;4;1;0;1;0;1;1;0;1;1;1;1;0;0;1;0;1;1;1;1;0;0;0;1;0;0;1;1;1;1;0;0;0;1;0;0
183;8;1;0;1;0;0;1;1;0;1;1;0;0;0;0;1;1;0;0;0;1;1;1;1;1;1;1;1;0;0;1;0;1;1;0;1
184;11;1;0;1;1;0;0;1;0;1;0;0;0;0;1;1;0;1;0;1;1;0;0;1;1;0;0;1;0;0;0;0;0;0;0;1
185;6;0;0;1;0;1;0;0;0;1;1;1;0;1;0;0;1;0;1;1;0;0;1;0;1;1;0;1;0;1;1;1;1;0;1;0
186;13;0;1;1;0;0;0;0;0;0;1;0;1;1;1;0;0;1;1;0;1;0;1;0;1;0;1;0;0;0;1;0;1;1;1;0
187;6;0;0;1;0;0;1;1;1;0;1;1;0;1;0;0;1;0;0;1;0;1;1;0;0;0;1;1;0;1;0;1;1;1;0;0
188;12;0;1;0;0;0;1;0;0;1;0;0;0;0;1;1;1;1;0;1;1;1;1;0;1;0;0;0;1;0;0;1;1;1;1;1
189;5;0;0;1;1;0;1;1;1;0;1;1;0;1;0;0;1;0;0;0;1;1;1;1;0;0;1;1;1;1;1;0;0;0;0;0
190;5;0;1;1;1;0;0;1;1;0;0;0;0;1;1;1;0;1;1;1;1;1;0;0;1;0;0;1;0;0;1;1;0;0;1;0
191;12;1;0;1;1;0;0;1;1;1;0;1;1;0;0;1;1;0;0;0;0;1;1;1;0;1;1;0;0;1;1;1;1;0;1;0
192;0;1;0;1;0;1;1;0;0;1;1;1;1;1;0;1;1;1;1;1;1;0;1;1;0;1;1;0;1;0;1;0;0;0;0;1
193;7;1;1;1;0;1;0;1;0;0;0;0;1;1;1;1;0;0;1;0;1;1;0;1;1;0;1;1;1;0;1;1;1;0;1;1
194;0;0;1;1;0;0;1;0;1;0;1;1;1;0;0;1;1;1;0;0;0;0;1;1;0;0;1;1;0;1;1;0;1;0;0;0
195;9;1;1;1;1;0;1;1;0;0;0;0;1;0;0;0;1;0;0;1;0;0;1;1;0;0;0;0;0;0;1;0;1;1;1;1
196;11;1;0;0;0;0;0;1;1;1;1;0;1;1;1;0;0;0;0;0;0;1;0;1;1;1;0;1;0;0;1;0;0;0;0;0
197;6;1;0;0;0;0;1;0;0;0;0;0;1;0;0;1;1;1;1;0;1;0;1;0;0;1;0;1;0;0;0;1;0;0;0;0
198;14;0;1;0;1;1;1;1;1;0;0;0;0;1;1;1;0;1;1;0;0;1;0;1;0;1;1;0;0;1;0;0;1;1;1;0
199;14;1;0;1;0;0;1;1;1;0;0;0;1;1;0;1;1;0;0;1;1;0;0;1;0;1;0;0;1;0;0;1;1;1;1;1
200;0;0;0;0;1;0;1;0;0;1;1;1;0;0;0;0;0;0;0;1;1;0;1;0;1;0;0;0;1;1;1;1;0;0;0;0
201;12;0;0;1;0;1;1;1;0;1;1;1;1;1;1;1;0;1;1;1;0;1;0;1;1;1;0;1;0;0;1;0;0;1;0;0
202;10;0;0;1;1;0;1;1;1;1;0;0;0;1;1;1;0;0;1;0;0;0;0;0;0;0;0;0;0;1;1;0;0;0;0;1
203;13;1;1;1;0;1;1;0;1;0;1;0;1;0;0;1;1;1;0;1;1;0;1;0;1;1;0;0;1;0;1;1;0;0;1;0
204;11;1;1;1;0;1;0;0;0;1;0;1;0;1;0;0;0;0;0;0;0;1;1;0;1;0;1;0;0;0;1;0;0;1;0;1
205;2;1;0;0;0;0;1;0;1;1;1;1;0;1;1;1;0;0;0;0;1;1;1;1;1;0;1;1;0;1;1;0;0;1;1;1
206;1;0;0;0;0;1;0;1;0;0;0;1;1;1;0;0;1;0;1;0;0;0;1;0;0;0;1;0;1;1;0;1;1;1;1;0
207;2;1;1;0;0;1;1;0;0;0;0;0;0;1;1;1;0;0;0;1;1;1;0;1;0;1;1;0;1;0;0;0;0;0;1;0
208;9;0;0;1;0;1;0;0;1;1;1;0;1;1;0;0;0;0;1;0;0;0;1;0;0;1;1;1;1;1;0;1;0;1;1;0
209;1;1;1;0;1;1;1;0;0;1;0;0;1;1;0;0;0;1;0;0;0;1;0;1;0;1;1;0;0;1;1;0;1;0;1;1
210;2;0;1;1;0;0;0;1;1;0;1;1;1;0;1;0;0;1;1;0;1;0;0;0;0;0;0;1;0;0;0;0;0;0;1;1
211;2;0;1;0;0;1;1;1;1;0;0;0;1;1;0;1;0;0;1;1;1;0;1;1;0;1;0;1;1;1;1;1;1;0;1;1
212;10;0;0;1;1;0;1;1;0;0;1;0;0;1;0;1;0;0;1;1;0;0;1;0;0;0;1;0;0;1;0;0;0;1;0;1
213;2;0;0;0;0;0;0;0;1;1;1;0;1;1;0;1;1;0;1;0;0;0;0;0;0;1;0;0;1;0;1;1;1;1;1;1
214;3;0;0;1;0;0;0;1;1;1;0;0;1;1;0;1;0;1;0;1;0;0;0;1;0;1;1;0;1;0;1;0;1;1;1;1
215;0;1;1;0;0;1;0;0;1;1;0;1;1;0;0;0;1;0;0;1;0;0;1;0;1;1;0;0;1;1;1;1;0;1;1;1
216;13;1;1;1;0;0;0;1;0;0;1;1;1;0;1;1;1;1;1;1;0;1;1;1;1;1;0;1;1;1;0;1;0;0;1;0
217;6;1;0;1;0;1;1;0;1;0;0;1;1;0;0;0;0;0;0;1;0;0;0;0;0;1;0;0;1;1;1;1;1;0;1;1
218;12;0;0;1;0;0;1;1;1;0;0;1;0;1;0;0;1;0;1;0;0;0;1;1;1;0;1;0;1;1;0;0;0;0;1;1
219;10;1;0;0;1;0;0;1;1;1;1;1;1;0;1;1;1;0;1;1;0;0;1;0;0;1;1;0;1;1;0;1;1;0;1;1
220;4;1;0;0;0;0;1;1;1;1;1;0;0;0;0;1;1;0;1;1;0;0;0;0;0;0;0;1;1;1;0;0;1;1;0;0
221;10;1;1;0;0;1;1;1;0;1;0;1;0;1;1;1;0;1;0;0;0;0;1;1;0;1;0;1;1;0;1;0;0;0;1;0
222;11;1;1;0;0;1;1;1;0;1;1;1;0;1;1;0;0;1;0;1;0;0;0;0;1;1;1;0;1;0;0;1;0;1;1;1
223;9;1;0;1;1;0;0;0;0;0;0;1;1;1;1;0;0;1;0;1;1;1;1;0;1;0;0;0;0;0;1;1;0;1;1;1
224;9;1;0;0;1;1;1;1;0;1;0;0;1;1;1;0;0;0;1;1;1;1;0;1;0;1;1;1;0;0;1;1;0;1;0;1
225;8;1;1;0;0;0;1;1;0;0;1;1;1;1;0;0;1;1;0;0;1;0;1;1;1;1;1;1;0;0;1;1;0;1;0;1
226;14;1;1;0;0;1;0;0;1;1;0;1;0;0;0;1;0;0;1;1;0;0;1;1;0;1;1;0;0;1;0;0;0;0;0;0
227;7;1;0;1;0;0;1;0;0;0;0;0;0;1;0;1;1;0;1;1;1;1;0;0;0;1;1;1;1;1;1;1;1;0;1;0
228;7;1;1;1;0;1;0;0;0;0;0;0;1;0;0;0;0;0;0;1;1;0;0;1;0;0;1;1;0;1;1;0;1;1;0;0
229;6;1;1;0;1;0;0;1;0;0;1;1;1;1;1;0;0;1;1;1;0;1;0;1;0;1;1;0;1;0;1;0;1;1;1;1
230;2;1;1;0;0;1;0;1;1;1;0;0;1;1;1;1;0;0;0;1;1;0;1;0;1;1;0;0;1;0;1;1;1;0;1;1
231;9;1;0;0;1;0;1;0;0;0;1;1;1;1;1;1;0;1;0;0;0;1;0;0;1;1;1;0;1;0;0;0;0;1;1;0
232;6;0;0;0;0;0;1;0;0;0;1;1;0;0;1;1;0;0;1;0;0;0;0;0;1;1;1;0;1;0;1;0;1;0;0;1
233;3;1;0;0;1;1;0;0;0;0;0;1;0;0;0;0;0;1;0;0;0;0;1;1;0;0;0;0;0;1;1;1;0;1;1;1
234;1;0;0;1;1;0;1;0;0;0;1;1;0;1;1;1;1;0;0;1;1;0;0;0;0;0;1;0;0;0;1;1;0;1;0;0
235;13;0;1;0;0;1;0;0;1;1;0;1;0;1;1;1;1;1;1;1;1;0;0;1;1;0;1;1;0;0;0;1;0;1;1;0
236;10;0;0;1;0;0;1;0;0;1;0;1;0;1;0;0;0;1;1;0;1;1;1;0;0;0;0;0;1;0;1;1;1;0;1;0
237;2;1;1;0;1;1;1;0;0;0;1;1;1;1;0;1;1;1;0;1;1;0;0;0;0;1;0;1;1;1;0;1;1;0;0;0
238;8;0;0;0;1;0;1;0;1;1;1;0;0;1;0;1;1;1;0;1;0;0;0;0;1;1;1;1;0;1;1;1;1;1;1;1
239;12;1;1;1;1;0;1;0;1;0;1;1;0;1;0;1;0;0;1;0;1;1;1;0;1;1;0;1;1;1;0;0;1;1;1;0
240;4;0;0;0;1;1;1;0;1;0;0;1;1;0;1;0;0;0;0;0;0;1;1;0;1;0;1;1;1;0;1;0;1;0;0;0
241;2;0;0;1;0;1;1;0;0;1;0;1;1;0;0;0;0;1;0;0;0;0;1;1;0;0;1;0;0;1;1;0;1;1;0;1
242;12;1;1;0;0;0;0;1;1;0;1;1;0;0;1;1;1;0;0;0;1;1;1;0;0;1;1;0;0;1;1;0;0;0;1;1
243;13;1;1;0;1;1;1;1;0;0;1;0;0;1;0;0;1;1;0;0;0;1;1;1;0;1;1;0;1;1;0;0;1;0;1;0
244;1;1;1;0;0;0;0;0;0;1;1;0;1;0;0;1;1;0;0;1;1;1;1;0;0;1;0;1;1;0;1;0;1;1;0;1
245;1;1;1;1;1;1;1;0;0;0;0;1;0;0;0;0;0;0;1;0;0;0;1;0;1;0;1;0;0;1;0;0;0;1;0;1
246;12;0;0;1;1;0;0;0;0;0;0;1;0;1;1;0;0;1;1;1;0;0;1;0;0;0;0;1;1;1;0;1;1;0;0;1
247;3;1;1;1;0;1;0;1;1;0;1;1;0;1;0;1;1;1;1;1;1;1;0;0;1;0;1;1;0;0;0;0;0;0;1;0
248;2;1;0;0;0;0;1;1;1;0;1;1;1;0;1;1;1;0;0;0;0;1;0;1;0;1;1;1;1;1;0;1;0;0;0;0
249;8;0;1;1;1;1;0;1;1;1;1;1;1;0;0;0;0;0;1;0;1;1;1;0;1;0;1;1;1;1;0;0;1;0;1;1
250;12;0;1;1;0;1;1;1;0;0;0;0;1;1;1;0;0;0;1;1;1;0;0;0;1;1;0;0;0;1;0;1;1;0;0;1
251;14;1;0;1;0;0;1;0;0;1;0;1;1;1;1;0;0;0;0;1;1;0;1;0;1;0;1;0;1;0;1;0;0;1;0;0
252;12;0;1;0;1;1;1;0;1;1;1;0;1;0;0;0;0;1;1;0;1;1;0;0;0;0;0;0;1;1;1;0;0;0;1;0
253;6;1;0;0;0;1;1;0;1;1;0;1;1;1;1;1;1;1;0;0;0;1;1;1;0;0;1;0;1;1;0;1;0;0;0;1
254;1;0;1;0;0;0;1;1;1;1;0;0;0;0;1;0;0;0;0;0;0;1;0;0;1;1;0;0;1;1;0;1;0;0;0;0
255;10;1;0;0;1;1;0;1;1;1;1;0;0;1;1;0;0;1;0;0;1;0;1;1;1;0;1;0;1;1;0;0;0;1;0;1
256;2;1;1;0;1;1;0;1;1;0;1;1;1;1;1;1;0;0;1;0;1;0;0;1;1;0;0;1;0;1;0;0;0;1;1;1
257;11;0;1;1;1;1;0;1;0;1;1;1;1;0;0;0;0;0;1;0;0;0;1;0;1;1;0;1;0;1;0;1;1;1;0;0
258;11;0;1;1;0;1;0;0;1;0;1;0;1;0;1;1;1;1;1;1;0;0;1;1;0;1;1;1;1;0;0;0;0;1;1;1
259;6;0;1;1;1;0;1;1;1;1;0;1;0;0;0;0;0;1;1;0;0;0;0;1;1;0;0;0;1;0;0;1;0;1;0;1
260;2;0;0;1;0;1;1;0;0;0;0;1;1;0;0;0;0;1;0;1;0;0;0;1;0;1;0;1;0;0;0;1;0;1;1;0
261;0;1;0;1;0;1;1;1;0;1;0;0;0;1;1;1;1;0;0;1;0;0;0;0;0;0;0;1;0;0;0;0;0;0;0;0
262;3;0;0;0;1;1;1;0;1;0;0;1;1;1;0;0;1;0;0;1;1;0;1;1;1;0;1;1;1;0;0;1;0;0;0;0
263;11;1;1;0;1;0;1;0;0;0;0;0;0;0;1;0;0;0;0;1;0;1;0;1;1;0;0;1;0;1;1;0;0;0;0;1
264;11;0;0;1;1;1;0;0;1;1;1;1;0;1;1;1;0;1;1;0;1;0;1;0;0;1;0;0;1;0;0;1;0;1;0;0
265;7;1;0;1;0;1;1;0;1;0;1;0;1;1;1;1;1;1;1;1;0;1;1;1;1;1;1;1;0;0;1;1;1;1;1;1
266;3;1;1;0;0;1;1;0;1;0;0;1;1;0;1;0;1;0;0;1;0;1;0;1;1;1;0;1;1;1;1;0;0;1;1;1
267;12;0;1;1;1;1;1;0;0;0;1;1;0;1;1;0;1;1;1;1;0;0;0;0;1;1;0;0;0;0;1;1;0;0;0;1
268;1;0;1;0;0;1;0;1;0;1;1;1;0;1;0;0;0;1;1;0;1;0;0;0;1;1;0;1;0;0;0;1;0;1;0;0
269;9;1;1;0;0;0;0;0;0;1;1;0;1;0;1;0;1;1;1;0;1;0;0;0;0;1;1;1;1;0;0;0;1;0;1;0
270;7;0;1;0;1;1;0;1;1;1;0;0;0;1;1;0;0;0;0;0;0;0;0;1;1;1;1;0;0;0;1;0;0;0;0;1
271;5;0;0;0;1;0;0;1;0;1;0;1;1;1;1;1;0;1;1;0;1;0;1;1;0;1;1;0;0;1;0;1;0;0;0;0
272;8;1;1;1;0;1;0;0;1;0;1;0;1;0;1;1;0;0;0;1;0;0;0;0;1;1;1;1;0;1;0;1;0;0;1;0
273;2;1;0;1;1;0;0;1;1;0;0;0;1;0;0;0;1;0;0;1;0;1;1;1;1;1;1;1;1;0;1;1;0;0;0;0
274;9;1;0;0;1;0;1;1;0;1;0;1;1;0;0;1;1;0;0;0;0;1;1;0;1;0;1;0;0;1;0;1;0;0;1;1
275;3;0;0;1;0;1;0;0;1;0;0;1;0;0;0;0;0;0;0;0;1;1;1;1;0;0;0;0;1;0;1;1;1;1;1;0
276;7;1;0;0;0;0;1;1;0;0;0;1;1;1;0;0;0;1;1;1;1;0;0;1;0;1;0;1;1;0;0;0;1;1;0;1
277;8;1;0;1;0;1;0;0;0;0;1;1;1;1;1;0;1;0;0;0;1;1;1;1;1;1;1;0;0;0;0;1;1;0;1;0
278;12;1;1;1;0;1;1;1;0;1;1;0;1;0;0;1;1;1;0;1;0;1;1;0;0;1;0;1;1;0;1;0;1;0;1;0
279;9;1;0;0;0;1;1;0;1;1;1;0;1;1;1;1;0;1;1;0;0;0;0;1;0;0;0;0;1;1;1;1;1;1;1;1
280;2;1;1;1;0;1;1;1;0;1;0;0;0;1;1;1;1;0;1;1;1;0;1;0;1;1;1;1;0;1;0;0;1;0;0;1
281;6;1;1;1;1;1;1;0;0;1;0;1;0;1;1;0;0;0;0;0;1;1;0;1;0;0;1;1;0;0;0;0;1;0;1;1
282;6;0;0;1;0;0;0;0;1;0;1;1;0;1;0;1;0;0;0;1;1;1;0;1;0;1;0;0;1;0;0;1;0;0;1;0
283;7;1;1;1;1;0;0;0;1;0;0;1;1;0;0;1;0;0;1;0;0;0;1;1;1;0;0;1;1;0;1;0;0;1;1;1
284;13;1;0;1;1;1;1;0;1;1;0;1;1;0;0;0;0;0;1;1;1;1;0;0;0;1;0;1;1;1;0;0;0;0;1;0
285;9;0;0;1;1;0;1;0;1;0;1;0;1;1;0;0;1;1;0;0;1;0;1;1;0;1;1;0;1;0;0;1;0;0;1;0
286;13;0;1;1;0;0;1;1;1;0;1;1;1;1;1;1;1;1;1;1;0;1;0;1;1;1;0;1;0;1;1;1;0;1;1;0
287;4;1;1;0;0;1;0;1;0;0;1;0;1;0;0;1;1;0;0;0;1;0;1;1;0;1;0;1;1;0;0;1;1;0;1;0
288;0;1;0;1;1;0;1;1;1;1;0;1;0;1;0;1;1;0;0;1;0;0;0;1;1;0;1;0;0;1;0;0;1;1;1;1
289;10;0;1;0;0;0;1;1;0;0;0;0;0;1;1;1;1;1;0;1;0;1;1;0;1;0;0;1;0;1;0;1;1;0;1;0
290;7;1;1;0;0;0;0;0;1;1;0;1;1;1;1;1;0;0;0;1;0;0;1;0;0;0;1;0;1;1;1;1;0;1;1;1
291;4;0;0;1;1;1;1;0;1;1;0;1;1;1;1;1;0;0;1;0;0;1;0;1;1;0;1;0;0;1;1;0;0;0;0;0
292;10;0;0;1;0;1;0;1;1;1;0;1;1;1;0;1;0;1;1;1;0;1;0;1;1;0;1;1;0;1;0;1;0;1;1;0
293;10;1;1;0;1;1;1;1;0;0;1;1;1;0;1;1;0;0;1;0;0;0;1;0;1;0;0;0;1;0;0;1;1;0;1;1
294;11;1;0;0;0;1;0;0;1;0;0;0;0;0;0;0;0;1;1;0;0;1;1;0;1;0;0;0;0;1;1;0;0;0;1;0
295;4;0;0;1;0;0;1;1;1;1;0;1;0;0;1;1;1;1;1;1;1;0;1;0;1;0;1;1;0;1;0;1;1;0;0;1
296;0;1;0;1;0;1;1;1;0;0;1;1;0;0;0;0;1;0;0;1;0;0;1;1;1;0;1;0;1;0;0;0;1;1;0;1
297;5;0;1;1;1;0;1;1;0;1;0;1;0;1;0;1;1;0;1;0;0;0;0;1;1;0;0;0;0;1;1;1;1;1;0;0
298;7;1;1;0;0;1;1;0;1;1;1;1;1;0;1;0;0;0;1;1;0;1;0;1;0;0;1;1;0;0;0;1;1;1;0;0
299;8;0;1;0;1;1;1;0;1;1;1;0;1;0;1;0;1;0;0;0;0;0;1;1;1;0;1;1;1;0;0;1;0;1;0;1
300;14;0;1;0;0;0;1;1;1;1;0;0;1;1;1;1;0;0;0;0;1;0;0;1;0;1;0;0;1;0;1;1;0;0;0;1
301;9;1;0;0;1;1;0;0;1;0;1;0;1;1;0;0;0;1;1;0;1;1;1;1;1;0;0;1;1;1;0;0;0;1;0;1
302;1;1;1;0;0;0;0;0;0;1;0;1;1;1;1;1;0;0;1;0;1;0;0;0;0;0;0;1;1;0;1;0;0;0;1;1
303;10;0;1;0;0;0;0;0;1;0;1;1;1;1;0;1;0;0;0;0;0;0;0;0;1;1;1;1;1;0;0;1;1;1;0;0
304;14;1;0;0;1;0;1;0;1;1;1;1;1;1;0;1;0;0;0;1;0;1;0;0;1;0;0;0;0;0;0;0;0;1;0;1
305;10;1;1;0;0;0;0;1;1;0;0;1;1;1;0;1;1;0;0;1;1;0;0;1;1;1;0;1;1;1;0;1;0;1;1;1
306;4;0;0;1;1;1;1;0;0;1;0;1;1;1;1;0;0;1;0;0;1;0;0;1;1;0;0;1;0;0;1;0;1;0;1;1
307;5;1;0;1;0;0;0;0;0;0;1;1;1;0;0;1;1;0;1;0;1;0;0;1;1;0;0;0;1;1;0;1;0;1;1;1
308;2;1;0;1;0;0;0;0;0;1;0;0;0;0;1;0;1;1;0;1;0;1;0;1;0;0;1;0;0;1;1;0;1;1;1;1
309;3;0;1;0;0;1;0;0;1;1;1;0;0;0;0;1;0;0;0;1;1;0;0;0;0;0;0;0;1;1;1;1;0;1;0;0
310;6;1;0;0;1;1;1;1;1;0;1;0;0;0;0;0;1;1;1;1;0;0;0;1;1;1;1;0;1;1;1;1;1;1;0;0
311;14;0;1;1;0;1;1;1;1;0;1;1;1;1;1;0;1;0;1;0;1;1;0;1;0;0;0;1;0;0;0;0;1;0;1;0
312;3;0;0;0;0;0;1;0;1;1;0;0;0;1;1;1;1;1;0;0;1;0;1;0;0;1;1;0;0;1;1;0;1;0;0;1
313;9;0;1;1;0;0;1;1;1;1;0;0;0;1;1;1;0;1;0;1;0;0;1;1;0;1;1;0;0;1;1;0;1;1;1;1
314;7;0;1;1;0;1;0;1;1;1;0;1;1;1;1;1;0;0;1;0;1;1;1;0;1;0;0;0;0;0;0;0;1;0;0;1
315;11;1;1;0;0;0;0;0;0;1;1;1;1;1;0;1;0;0;0;0;1;0;0;0;0;0;0;1;1;1;0;1;1;0;0;0
316;13;1;1;0;0;0;0;0;1;0;0;0;0;1;0;1;1;1;1;0;0;1;0;0;0;1;1;1;0;1;1;0;1;1;0;0
317;14;1;0;1;1;0;1;1;1;0;1;0;0;0;0;0;1;1;0;1;1;1;1;1;0;1;0;1;0;0;1;1;0;0;1;1
318;0;1;0;0;0;0;1;1;1;1;1;0;0;0;0;1;0;0;0;0;0;0;1;1;1;1;0;1;1;1;1;1;0;1;0;0
319;6;1;0;0;1;1;0;0;0;0;0;1;0;0;0;1;1;0;0;0;1;0;1;0;0;1;0;0;1;1;1;0;1;1;0;1
320;12;1;1;1;1;1;0;1;0;0;0;0;0;0;1;1;1;0;0;0;0;1;0;0;0;1;0;0;0;0;1;1;1;1;0;0
321;1;0;1;0;1;1;0;1;0;1;0;0;0;0;1;1;0;0;1;1;0;1;1;0;1;1;1;1;0;0;1;1;1;0;0;1
322;0;1;0;0;1;0;0;1;1;0;0;0;0;0;1;1;1;1;0;1;1;0;1;0;1;0;1;0;0;0;1;1;0;0;0;0
323;6;1;1;1;0;1;1;0;0;0;1;1;0;0;1;1;1;1;1;1;1;0;0;0;0;0;1;0;0;1;0;1;1;1;1;0
324;8;1;1;1;1;1;1;1;1;1;0;0;0;1;0;0;1;1;1;1;0;1;0;1;1;1;0;1;0;1;1;1;1;1;0;1
325;9;1;1;1;1;0;1;1;0;1;1;1;0;0;1;1;0;0;0;0;0;1;0;1;0;1;0;0;0;0;0;1;1;1;1;0
326;14;1;0;0;0;1;0;0;1;1;0;1;0;1;1;1;1;1;1;0;0;1;1;1;1;0;1;1;0;1;1;1;0;0;0;0
327;13;0;1;1;0;0;0;1;1;0;1;1;1;0;1;0;0;0;1;1;1;0;1;1;1;1;1;0;1;0;1;1;0;1;1;1
328;1;1;1;0;1;0;0;0;1;1;1;1;0;1;0;0;1;1;0;0;1;0;1;1;0;1;0;1;0;0;1;1;1;0;1;0
329;5;0;1;0;0;0;0;0;1;0;0;0;1;1;0;0;1;0;0;1;0;1;0;1;0;0;1;0;0;1;1;1;1;0;0;1
330;8;0;0;1;1;0;0;0;0;1;0;1;0;1;0;0;0;1;0;1;1;1;0;0;1;1;1;0;1;1;0;0;1;1;1;0
331;5;0;0;0;0;0;0;0;0;1;1;0;1;0;1;1;0;0;0;1;0;1;0;1;1;0;0;0;1;0;1;1;0;1;1;0
332;4;0;0;1;0;1;1;1;1;0;1;0;0;0;1;0;1;0;0;0;1;1;0;1;1;1;0;1;1;1;0;1;0;1;0;1
333;3;0;0;0;0;1;1;1;1;1;1;0;1;0;0;0;0;1;0;1;0;1;1;1;1;0;1;0;1;0;0;0;0;1;0;0
334;1;0;0;0;0;0;0;0;0;1;0;1;1;1;0;1;0;1;0;1;1;1;0;1;0;0;0;0;0;0;1;1;1;1;0;1
335;10;0;0;0;0;0;1;1;1;1;0;1;1;1;1;1;0;1;0;0;0;0;0;0;0;1;1;1;0;0;0;0;0;1;0;0
336;0;0;1;1;0;0;1;1;0;0;0;1;0;1;1;1;0;1;0;0;1;1;0;0;1;1;0;1;1;1;0;0;0;0;1;1
337;6;1;1;0;0;1;1;0;0;1;0;0;0;1;0;0;0;1;1;1;1;1;0;1;0;0;1;0;0;0;1;0;1;0;0;0
338;8;1;0;0;0;0;1;1;1;0;1;1;0;1;0;0;0;1;0;1;0;0;0;0;0;0;0;1;1;1;0;1;1;0;1;1
339;3;1;1;0;1;1;1;0;1;0;1;1;0;1;0;1;0;1;1;0;1;0;0;1;0;1;1;0;1;0;0;0;1;0;0;0
340;3;1;0;1;0;1;0;1;0;1;1;1;1;1;0;1;1;0;1;0;0;1;1;1;1;0;1;0;0;1;0;0;1;0;0;0
341;2;0;1;1;1;1;1;1;1;0;1;0;0;0;1;1;0;0;0;0;0;1;1;1;1;1;0;1;1;1;1;1;0;0;0;1
342;5;0;1;0;1;0;0;1;1;0;0;1;0;1;0;0;1;1;0;1;0;1;0;1;1;1;1;0;1;0;1;1;0;0;0;1
343;10;1;0;0;0;0;0;0;1;0;1;0;1;1;1;1;0;0;1;1;0;0;0;0;1;0;1;0;1;1;0;0;1;1;1;0
344;6;0;1;0;1;1;1;0;1;0;1;1;1;0;1;1;0;0;1;0;1;0;0;0;0;0;1;1;1;0;0;1;0;1;0;0
345;4;1;1;0;0;0;0;1;0;1;1;1;1;0;0;0;1;1;0;1;0;0;1;0;0;1;1;1;1;0;1;0;0;1;1;1
346;2;0;0;1;0;1;1;0;0;0;1;0;0;1;1;1;0;1;0;1;1;1;1;1;0;0;0;0;0;1;1;1;0;1;0;0
347;9;0;1;0;1;0;0;0;0;0;1;1;1;1;1;1;0;1;0;1;0;1;1;1;0;0;1;0;0;1;0;1;1;0;1;1
348;4;0;1;1;0;0;0;0;0;1;1;1;0;1;0;1;0;0;0;0;0;1;1;0;1;1;1;0;0;1;1;1;1;1;0;0
349;5;0;0;0;0;0;0;1;1;1;0;0;0;1;1;0;1;0;0;0;0;0;1;1;0;1;0;1;0;1;1;1;0;0;1;1
350;2;1;1;1;0;0;0;0;1;0;0;0;1;0;1;0;1;0;1;0;1;0;1;0;1;1;0;0;0;1;1;1;0;1;0;0
351;5;1;1;0;0;1;1;1;1;0;0;0;0;1;1;0;0;1;0;0;0;0;1;1;1;0;1;1;1;0;1;0;0;0;0;0
352;7;1;1;0;0;0;0;0;1;0;1;1;1;1;0;1;0;1;1;1;0;0;1;0;0;0;0;1;1;0;1;0;0;0;0;0
353;5;0;1;0;1;0;1;1;0;1;1;1;1;0;0;0;1;1;1;1;0;0;0;0;1;0;1;1;1;0;0;0;1;1;1;1
354;14;0;0;1;0;1;1;1;1;1;0;0;1;1;1;1;0;1;1;1;1;0;1;1;0;0;1;0;1;0;0;0;1;0;0;0
355;3;1;0;0;1;0;1;0;0;1;1;1;1;0;0;1;0;1;0;1;1;1;1;0;1;0;0;0;1;0;0;0;0;0;0;0
356;3;1;1;1;1;0;1;0;0;1;1;0;1;0;1;1;1;1;0;0;0;0;1;1;0;0;1;1;0;1;0;1;1;0;0;1
357;12;1;1;1;1;0;1;0;1;1;0;1;0;1;0;1;0;0;0;1;0;1;1;0;1;1;0;1;1;1;0;0;0;0;0;1
358;10;1;0;0;1;1;0;0;0;1;0;1;1;0;1;1;1;0;0;1;1;0;1;0;0;0;0;1;1;0;0;0;0;0;0;0
359;8;1;1;0;0;0;1;0;0;1;1;1;1;0;0;0;1;0;0;1;0;1;0;0;0;0;1;0;1;1;1;0;1;1;1;1
360;0;1;1;1;0;0;1;1;1;0;1;1;0;1;1;1;0;1;1;1;0;0;1;0;0;0;1;1;1;1;0;0;1;0;1;1
361;8;1;1;0;0;0;1;1;1;1;1;0;0;1;1;0;1;0;0;0;0;1;1;0;0;0;0;1;0;0;1;0;1;1;1;0
362;8;0;0;1;1;0;1;0;1;0;1;0;0;1;0;0;0;0;1;1;1;1;1;0;1;0;1;0;1;1;0;0;0;0;1;1
363;9;0;0;0;0;0;0;1;0;0;1;1;0;0;0;0;0;1;1;0;0;1;1;0;1;1;1;0;0;0;0;1;0;1;1;0
364;2;1;0;1;0;0;1;1;1;0;0;1;1;0;0;1;0;1;0;0;0;0;0;0;0;1;1;1;0;1;0;0;0;0;0;0
365;7;1;0;0;1;1;0;0;0;0;0;0;1;0;0;0;1;0;0;1;1;0;0;0;0;1;0;1;0;0;0;0;1;1;1;1
366;2;1;0;0;1;1;0;1;1;1;0;0;1;0;1;1;0;0;1;0;0;0;1;1;1;1;1;0;1;0;0;1;1;0;1;0
367;2;0;0;0;0;1;0;1;1;1;1;0;1;1;0;1;0;1;1;1;0;0;1;1;1;1;1;0;0;1;1;0;1;1;0;0
368;9;0;1;0;0;1;0;1;1;1;1;0;1;0;0;1;0;0;1;0;1;0;0;0;1;1;1;0;0;0;0;1;0;1;1;1
369;14;1;0;1;0;1;1;0;0;1;0;1;1;1;0;1;0;1;1;1;0;1;1;0;0;1;0;0;1;1;0;0;1;0;1;0
370;9;0;0;1;1;1;1;0;1;0;1;0;1;0;0;1;1;1;0;1;0;1;1;1;0;0;1;1;0;0;1;0;0;0;1;1
371;9;1;1;0;0;0;1;0;0;0;1;1;1;1;0;0;1;0;0;0;1;1;1;1;1;1;0;1;1;0;1;1;0;0;1;1
372;0;1;0;1;1;1;1;0;0;1;0;1;0;0;1;0;1;1;0;1;1;1;1;1;0;1;0;1;1;0;1;0;0;0;1;1
373;14;1;0;0;1;1;1;0;0;1;1;1;1;0;1;1;1;1;0;1;0;1;0;1;0;1;0;1;1;0;0;1;0;0;0;1
374;5;1;0;1;1;0;0;1;0;0;0;1;0;1;0;0;1;1;1;1;0;1;1;0;1;1;0;0;1;1;1;0;1;1;0;0
375;2;0;0;0;1;0;1;1;1;1;0;0;1;0;1;0;0;0;0;0;1;1;1;0;0;1;1;1;0;1;1;0;1;0;1;1
376;11;1;0;1;1;0;0;1;1;0;1;1;1;0;1;0;1;1;0;0;1;0;0;0;1;1;0;0;1;0;1;1;0;0;1;0
377;0;0;0;1;1;0;1;0;0;1;0;0;1;0;1;1;1;1;0;0;1;0;1;0;0;0;0;0;1;0;0;1;1;0;1;1
378;3;0;1;1;0;1;1;0;1;1;1;0;1;1;1;1;1;1;0;0;1;1;0;0;0;1;1;0;0;1;0;0;1;1;1;0
379;5;0;1;1;0;1;0;1;1;0;0;0;1;1;1;1;1;0;0;0;1;1;0;1;1;1;1;0;1;0;1;0;0;1;0;0
380;10;0;1;1;1;1;1;1;0;0;0;1;1;1;0;0;1;1;0;1;1;1;1;1;1;1;1;1;1;1;0;0;0;0;0;0
381;1;0;1;0;0;0;1;0;0;1;0;0;1;0;1;0;1;0;0;1;1;1;1;1;0;1;1;0;0;0;0;0;0;0;1;0
382;1;0;0;1;0;1;0;1;1;0;0;0;0;1;0;1;0;1;1;1;0;1;1;0;1;1;1;0;0;0;1;1;1;1;1;0
383;14;1;0;1;1;0;0;0;1;0;1;1;0;1;1;0;0;1;0;0;0;1;1;0;1;0;1;1;0;0;0;0;1;0;0;0
384;7;1;1;0;0;1;1;1;0;1;0;0;0;0;0;0;0;1;0;0;0;1;0;1;1;1;0;1;0;1;0;1;0;1;1;1
385;11;1;1;0;0;1;0;1;0;1;1;1;0;0;0;1;0;0;1;1;1;0;1;1;1;0;1;1;0;1;1;1;0;1;1;0
386;0;1;0;0;1;1;1;0;1;0;0;1;0;1;0;1;1;1;1;1;0;0;0;0;1;0;0;0;0;0;0;0;0;1;1;1
387;7;0;1;1;0;0;0;0;1;0;0;0;1;0;0;1;1;0;1;0;0;0;0;1;0;0;0;1;1;1;1;0;1;1;1;0
388;3;0;1;1;1;0;1;0;0;1;0;1;0;0;1;1;0;0;0;0;1;1;0;0;1;1;0;1;0;1;1;0;1;1;1;0
389;7;0;1;0;1;0;1;0;0;0;0;1;0;0;0;1;0;1;0;1;0;1;1;1;1;0;1;1;0;0;1;0;0;1;0;0
390;0;1;1;1;1;1;0;1;1;1;0;1;1;0;0;0;1;1;0;1;1;0;1;1;0;1;1;1;1;0;0;0;1;0;1;0
391;8;0;1;0;0;0;0;0;0;0;1;1;0;1;0;1;1;0;1;0;0;1;1;1;1;1;1;1;0;0;1;1;1;0;0;0
392;4;1;0;0;0;1;0;0;0;1;1;1;0;1;1;1;1;1;0;1;1;0;1;1;1;0;1;0;0;0;1;1;1;1;0;0
393;2;1;1;1;0;0;0;1;0;1;0;1;1;1;0;1;0;0;1;1;0;1;1;1;1;0;1;1;1;0;1;0;0;0;1;0
394;5;1;1;0;0;0;0;0;0;1;0;1;1;0;1;1;0;1;1;1;0;0;0;1;0;1;1;1;0;1;0;0;0;0;0;0
395;11;0;0;0;1;1;0;0;1;0;0;1;0;0;1;1;0;1;1;0;1;1;1;1;0;1;0;0;1;0;1;1;1;1;0;1
396;12;1;1;1;0;1;1;0;1;1;1;1;0;0;0;0;1;1;0;0;1;1;1;0;1;0;1;0;1;0;1;0;0;1;1;0
397;2;0;0;0;0;1;1;1;1;1;1;1;1;1;0;1;1;1;1;0;0;0;0;0;0;0;0;0;0;1;0;1;1;1;1;1
398;2;1;0;1;1;1;0;1;1;1;1;0;1;1;0;1;1;1;1;1;1;1;1;1;1;1;0;0;1;1;1;0;0;1;0;0
399;6;1;1;1;0;1;1;0;1;0;0;1;0;1;1;1;0;1;1;1;0;1;1;1;0;1;1;1;0;1;0;1;0;1;1;0
400;12;1;0;1;0;1;1;0;0;1;0;1;0;0;0;0;0;1;0;1;1;1;1;0;1;1;1;0;1;1;0;1;0;1;1;1
